object_id,ein,RltdOrgnztnNm_BsnssNmLn1Txt,USAddrss_AddrssLn1Txt,USAddrss_CtyNm,USAddrss_SttAbbrvtnCd,USAddrss_ZIPCd,IdRltdOrgTxblPrtnrshp_EIN,IdRltdOrgTxblPrtnrshp_PrmryActvtsTxt,IdRltdOrgTxblPrtnrshp_LglDmclSttCd,IdRltdOrgTxblPrtnrshp_DrctCntrllngNACd
201943529349300639,620481463,FREE WILL BAPTIST MINISTRIES PARTNERSHIP,1045 BISON TRAIL,GALLATIN,TN,37066,815306067,LAND PURCHASE,TN,WELCH COLLEGE,NONE AT PRESENT,1068198,0,1,0.38050
202020979349300507,221487354,CBM AquaSol,CASTLE POINT ON HUDSON,HOBOKEN,NJ,07030,208433247,TESTING,NJ,NA,N/A,0,0,0,0.00000
202020979349300507,221487354,Prediator Vision LLC,CASTLE POINT ON HUDSON,HOBOKEN,NJ,07030,208433326,TECHNOLOGY,NJ,NA,N/A,0,0,0,0.00000
202020979349300507,221487354,Instream Media LLC,CASTLE POINT ON HUDSON,HOBOKEN,NJ,07030,208433004,SOFTWARE,NJ,NA,N/A,0,0,0,0.00000
202020979349300507,221487354,CPE LLC,CASTLE POINT ON HUDSON,HOBOKEN,NJ,07030,203448123,RESEARCH,NJ,NA,N/A,0,0,0,0.00000
202041979349305184,042103542,Amherst Inn Owner LLC,155 South Plesant Street,Amherst,MA,01002,Real Estate,MA,NA
202041979349305184,042103542,Amherst Inn Tenant LLC,156 South Plesant Street,Amherst,MA,01003,Nonres. Renta,MA,NA
202041369349305314,951664123,Scripps-Pitzer Property Holdings LLC,1030 North Columbia Ave,Claremont,CA,91711,842206074,Property holding,CA,N/A,Related,0,1,0.50000
202041419349301659,951699394,Fuller Endowment Fund LLC,385 E Colorado Blvd Suite 250,Pasadena,CA,91101,352579788,Investment,CA,Fuller Theological Seminary,Unrelated,5196678,75897398,0,141972,0,0.64670
202031369349303828,020274509,Rethink Education Seed LP,707 Westch Av,White Plains,NY,10604,821003288,Education,NY,Excluded under 512,-361983,5330407,false,0,false,0.66670
202041979349301854,210634501,PB INSTITUTIONAL LP,10 ST JAMES AVE STE 1700,BOSTON,MA,02116,043425688,INVESTMENT,DE,NA,Excluded,82852129,1188379288,false,false
202041979349301854,210634501,NASSAU CAPITAL FUNDS,701 Carnegie Center,Princeton,NJ,08542,223344912,INVESTMENT,DE,NA,Excluded,7326764,46297266,false,4011840,false
202041979349301854,210634501,WHITECREST PARTNERS LP,222 BERKELEY STREET 21ST FL,BOSTON,MA,02116,043585396,INVESTMENT,DE,NA,Excluded,66321258,905822136,false,false
202041979349301854,210634501,FARALLON SPECIAL SITUATION PARTNERSLTD,1 MARITIME PLAZA SUITE 2100,SAN FRANCISCO,CA,94111,943244687,INVESTMENT,CA,NA,Excluded,-1072259,-25363,false,0,false
202041979349301854,210634501,ALEXANDER STREET PARTNERS LTD,4306 PABLO OAKS COURT,JACKSONVILLE,FL,32224,593374725,INVESTMENT,FL,NA,Excluded,8697262,413415063,false,0,false
202041979349301854,210634501,GC Ventures VIII LLC,251 Little Falls Drive,Wilmington,DE,19808,832820575,INVESTMENT,DE,NA,Excluded,-67128,20018586,false,0,false
202041979349301854,210634501,DYNAMO BRASIL I LLC,2711 CENTERVILLE ROAD SUITE 400,WILMINGTON,DE,19808,980515400,INVESTMENT,DE,NA,Excluded,62101713,247868646,false,0,false
202041979349301854,210634501,THE ORANGE PARTNERS FUND LTD,PO BOX 309GT UGLAND HOUSE,GRAND CAYMAN,CA,CJ,INVESTMENT,CJ,NA,Excluded,-80611323,325512443,false,0,false
202041979349301854,210634501,LAXEY UNIVERSAL VALUE LP,1209 ORANGE STREET,WILMINGTON,DE,19801,980369571,INVESTMENT,DE,NA,Excluded,-241590,713743,false,0,false
202041979349301854,210634501,BPI LTD,103 S CHURCH STPO BOX 1034 GT,GR,CJ,INVESTMENT,CJ,NA,Excluded,19811461,880396638,false,0,false
202041979349301854,210634501,GEOLOGIC RESOURCE FUND LP,535 Boylston Street Top Floor,BOSTON,MA,02116,201169559,INVESTMENT,MA,NA,Excluded,66253,17038224,false,0,false
202041979349301854,210634501,PETROTIGER III LTD,1 HOUSTON CTR 1221 MCKINNEY,SUITE 3700,HOUSTON,TX,77010,760328789,INVESTMENT,TX,NA,Excluded,1300821,1393856,false,0,false
202041979349301854,210634501,Farallon Capital Institutional Partners III LP,ONE MARITIME PLAZA SUITE 2100,SAN FRANCISCO,CA,94111,943253905,INVESTMENT,DE,NA,Excluded,59917940,704867935,false,0,false
202041979349301854,210634501,PETROTIGER I LTD,1 HOUSTON CENTER 1221 MCKINNEY,3700,HOUSTON,TX,77010,760230203,INVESTMENT,TX,NA,Excluded,-2143904,16690520,false,0,false
202041979349301854,210634501,PetroTiger IV Ltd,1 HOUSTON CENTER-1221 MCKINNEY,3700,HOUSTON,TX,77010,760495639,INVESTMENT,TX,NA,Excluded,732441,2766497,false,0,false
202041979349301854,210634501,Tigris Realty Partners LP,477 MADISON AVE SUITE 320,NEW YORK,NY,10022,812932006,INVESTMENT,NY,NA,Excluded,13125687,132004649,false,0,false
202041979349301854,210634501,NW UK Regional (No2) LP,1819 WAZEE ST 2ND FL,DENVER,CO,80202,981208214,INVESTMENT,CO,NA,Excluded,42058,12147311,false,0,false
202041979349301854,210634501,GC Venture(s) LLC,20 UNIVERSITY RD SUITE 450,CAMBRIDGE,MA,02138,814449331,INVESTMENT,MA,NA,Excluded,0,28275690,false,0,false
202041979349301854,210634501,Brait IV Fund LP,980485165,INVESTMENT,CJ,NA,Excluded,2313139,20182593,false,0,false
202041979349301854,210634501,VARDE FUND VI-A LP,8500 NORMANDALE LAKE BLVD,SUITE 1500,MINNEAPOLIS,MN,55437,412022693,INVESTMENT,DE,NA,Excluded,40756573,519273680,false,0,false
201913199349319751,541954969,MAVI CONSULTING LLC,4401 VILLAGE DRIVE,FAIRFAX,VA,22030,841669841,MANAGERIAL AND REAL ESTATE,VA,VIRGINIA INTERNATIONAL UNIVERSITY,EXCLUDED,324008,7067756,0,1,0.70000
202000769349300545,350867954,HWH Business LP,216 Summerlake Circle,Anderson,IN,46011,352084392,Real estate,IN,Anderson University,Excluded,10737,1021180,0,0,0.91000
202041609349301424,340714363,APOLLO THEATER LLC,173 W LORAIN STREET,OBERLIN,OH,44074,453182023,RENTAL,OH,APOLLO THEATER HOLDINGS INC,EXCLUDED,-201267,0,1,0.98800
202020509349300927,390808497,BELOIT POWERHOUSE LLC,700 COLLEGE ST,BELOIT,WI,53511,820908061,OWNING & RENOVATING PROPERTY,WI,BELOIT COLLEGE,EXCLUDED,2563,0,1,0.00010
202020509349300927,390808497,POWERHOUSE MASTER TENANT LLC,700 COLLEGE ST,BELOIT,WI,53511,823813413,OWNING & RENOVATING PROPERTY,WI,BELOIT POWERHOUSE HOLDINGS II,EXCLUDED,0,1
202021899349300727,042103558,Alchemy Plan (Crusader) LP,TRAFALGAR COURT,LES BANQUES,GK,GY1 3QL,900401997,Investing,GK,NA,2016555,true,0,false,0.99500
202031479349300958,050258956,WASHINGTON PLACE HOLDINGS LP,550 SOUTH TRYON ST STE 3500,CHARLOTTE,NC,28202,INVESTMENT,NC,RHODE ISLAND SCHOOL OF DESIGN,EXCLUDED,7895765,275439754,0,1659699,0,1.00000
202041339349302344,250969449,CARNEGIE INNOVATIONS LLC,600 RIVER AVENUE SUITE 100,PITTSBURGH,PA,15212,455177927,EDUCATION,PA,CARNEGIE MELLON UNIVERSITY,RELATED,-447653,-9138315,0,1,0.90000
202041339349302344,250969449,ICARNEGIE GLOBAL LEARNING LLC,210 SIXTH AVENUE SUITE 3570,PITTSBURGH,PA,15222,383887172,EDUCATION,PA,N/A
202041339349302344,250969449,CL ACQUISITION LLC,5000 FORBES AVENUE,PITTSBURGH,PA,15213,NO ACTIVITY,PA,N/A
202041339349302344,250969449,SYSTEMIQ LLC,5000 FORBES AVENUE,PITTSBURGH,PA,15213,352506818,NO ACTIVITY,PA,N/A
202011369349303121,952261113,Scripps-Pitzer Property Holdings LLC,1030 North Columbia Ave,Claremont,CA,91711,842206074,Property holding,CA,N/A,Related,0,0,0.50000
202030579349301648,942356338,COMMONS AT FAIR OAKS,9200 FAIR OAKS BLVD,FAIR OAKS,CA,95628,471623128,HOLDING SCHOOL REAL PROPERTY,CA,RUDOLF STEINER COLLEGE,RELATED,183517,4006153,0,1,0.51000
202041789349300039,112553515,SB HLTHCARE IPA LLC,PO Box 1554,STNY BRK,NY,11790,113499101,Healthcare,NY,CPMP,RELATED,0,0,false,0,false,0.00000
201913189349301541,591092732,GALLATIN INVESTORS III LLC (IN LIQUIDATION),2601 ARDEN ROAD NORTHWEST,ATLANTA,GA,30327,582529982,INVESTMENTS,FL,INVESTMENT,-30,0,0,0.24750
202031769349300203,540534105,SBC Restoration Lessee LLC,PO BOX 1090,SWEET BRIAR,VA,24595,465731000,Renovations,VA,SWEET BRIAR,0,661639,false,0,0.99000
202020919349300502,231352641,GETTYSBURG HOTEL INVESTORS LP,ONE LINCOLN SQUARE,GETTYSBURG,PA,17325,232571553,REAL ESTATE,PA,SEE PART VII,EXCL. UNDER 512(B)13,924607,6509526,false,false
202011299349300336,741109620,WMR ACME I LLC,2227 60th Avenue SE,Mercer Island,WA,98040,611779912,Real estate,DE,William Marsh Rice University,Excluded,62295079,false,0,false,0.95
202011299349300336,741109620,WMR ACME II LLC,2227 60th Avenue SE,Mercer Island,WA,98040,320568534,Real estate,DE,William Marsh Rice University,Excluded,315219,14753779,false,0,false,0.975
202011299349300336,741109620,WMR Falcon Ridge LLC,3601 Minnesota Drive Suite 510,Bloomington,MN,55435,820650932,Real estate,DE,Willliam Marsh Rice University,Excluded,810169,53372703,false,56256,false,0.95
202011299349300336,741109620,WMR Redcar I LLC,PO Box 531847,Los Angeles,CA,90053,474181408,Real estate,DE,William Marsh Rice University,Excluded,312277,73239043,false,0,false,0.95
202011299349300336,741109620,WMR Redcar II LLC,PO Box 531847,Los Angeles,CA,90053,812828751,Real estate,DE,William Marsh Rice University,Excluded,53006021,false,0,false,0.98
202011299349300336,741109620,WMRBNA Fund III Holdings LLC,1033 Demonbreun Suite 600,Nashville,TN,37203,822127638,Real estate,DE,William Marsh Rice University,Excluded,3201107,41764979,false,0,false,0.98
202011299349300336,741109620,WMRBNA II GP,1033 Demonbreun Suite 600,Nashville,TN,37203,814219211,Real estate,TN,William Marsh Rice University,Excluded,297304,14213659,false,0,false,0.95
202011299349300336,741109620,LVA4 Co-Investment III LP,712 Main Street Suite 2500,Houston,TX,77002,475564692,Alternative investment,DE,William Marsh Rice University,Excluded,21664027,false,0,false,0.9999
202011299349300336,741109620,Amador R Partners LP,5060 Canyon Crest Dr,San Ramon,CA,94582,384057107,Alternative investment,DE,William Marsh Rice University,Unrelated,1274106,false,false,0.8525
202011299349300336,741109620,Kimmeridge Energy (Public) Fund IV Co-invest LP,412 W 15th Street 11th Fl,New York,NY,10011,823334662,Alternative investment,DE,William Marsh Rice University,Excluded,21727777,12125983,false,0,false,0.5624
202031339349301123,590624364,6484 Indian Creek Drive LTD,11300 NE 2nd Avenue,Miami Shores,FL,33161,650669854,Real Estate,FL,Barry University,Excluded,33245,0,0,0.51540
202040979349300944,350867977,FIELDHOUSE LANDLORD LLC,4600 SUNSET AVENUE,INDIANAPOLIS,IN,46208,465062614,LEASING,IN,FIELDHOUSE MGR,RELATED,106937,31587611,false,0,true,0.80000
202040979349300944,350867977,FIELDHOUSE ASSOCIATES LLC,4600 SUNSET AVENUE,INDIANAPOLIS,IN,46208,465073784,LEASING,IN,FHC HTC,RELATED,0,-3055,false,0,true,0.01000
202041349349302444,042300472,Amp UP NYC LLC,855 Boylston Street,Boston,MA,02116,463537796,Education,DE,NA,RELATED,71724,37212,false,0,true,0.50000
202011369349304221,430652675,PERSONAL PHARMACIST LLC,4588 PARKVIEW PLACE,ST LOUIS,MO,63110,384008130,PHARMACEUTICAL AND SCIENTIFIC COMMUNITY LEARNING,MO,RELATED,0,0,0.50000
202010869349300601,580593414,YOUNG HARRIS COLLEGE REAL ESTATE LLC,1 COLLEGE ST,YOUNG HARRIS,GA,305820068,474423681,COLLEGE FACILITIES (ROLLINS CAMPUS CENTER),GA,YOUNG HARRIS COLLEGE,RELATED,-506238,39253198,0,1,0.99940
202021369349305222,540505990,HAMPTON CENTRE ASSOCIATES LLP,222 CENTRAL PARK AVENUE STE 2100,VIRGINIA BEACH,VA,23462,541401504,COMMERICAL RENTAL REAL ESTATE,VA,ATLANTIC REAL ESTATE LLC (SMLLC OF HU),INVESTMENT,1938810,20810092,0,1,0.96240
202021369349305222,540505990,27TH STREET HOTEL ASSOCIATES LLC,222 CENTRAL PARK AVENUE STE 2100,VIRGINIA BEACH,VA,23462,464270584,COMMERICAL RENTAL REAL ESTATE,VA,HAMPTON UNIVERSITY,INVESTMENT,638330,4079913,0,0,0.70400
202001339349302120,350868107,Uindy Student Housing Partners II LLC,8900 Keystone Xing,Suite 100,Indianapolis,IN,46240,822269290,Student Housing,IN,National Avenue Partners LLC,Related,0,1460633,false,0,false,0.2906
202001339349302120,350868107,UINDY STUDENT HOUSING PARTNERS LLC,8900 KEYSTONE XING,SUITE 100,INDIANAPOLIS,IN,46240,473475481,STUDENT HOUSING,IN,The Scion Group LLC,Related,338714,11768401,false,0,false,0.49
202001339349302120,350868107,COLLEGE CROSSING HOLDINGS LLC,8900 KEYSTONE XING,SUITE 100,INDIANAPOLIS,IN,46240,STUDENT HOUSING,IN,SCP COLLEGE CROSSING INVESTORS LLC,Related,false,0,false,0.1818
201931349349303158,042104847,SIMONDS ROAD SOLAR LLC,880 MAIN STREET,WILLIAMSTOWN,MA,01267,812975825,REN. ENERGY,MA,WMS REN LLC,0,0,false,0,false,1.00000
202001399349300870,310537177,1929 FIELDHOUSE LLC,250 BILL EDWARDS DRIVE,SPRINGFIELD,OH,45501,474525153,"CONSTRUCTION OF HEALTH, WELLNESS, & ATHLETICS FACILITY",OH,58197412,0,0,1.00000
202001399349300870,310537177,1929 FIELDHOUSE MASTER TENANT LLC,200 WEST WARD ST,SPRINGFIELD,OH,45501,823802582,SUPPORTING WITTENBERG UNIVERSITY'S LONG-TERM FACILITY NEEDS,OH,WITTENBERG UNIVERSITY,1195841,0,0,1.00000
202041349349301004,231355135,PCOM PRIMARY CARE INNOVATION F,4170 CITY AVENUE,PHILADELPHIA,PA,19131,320505991,INVESTMENTS,DE,NA,N/A
202041349349301004,231355135,PCOM FUND MANAGER LLC,4170 CITY AVENUE,PHILADELPHIA,PA,19131,320505886,INVESTMENTS,DE,NA,N/A
202001749349301225,510581154,ALLIANCE FOR COMMUNITY IMPACT LLC,601 S FIGUEROA STREET 4TH FLOOR,LOS ANGELES,CA,90017,461999451,COMMUNITY DEVELOPMENT,CA,ALLIANCE FOR COLLEGE-READY PUBLIC SCHOOLS,0,1,0.99990
201901309349303300,420680387,RED ROCK VENTURES III LP,530 LYTTON AVENUE 2ND FLOOR,PALO ALTO,CA,94301,770549159,VENTURE CAPITAL,DE,TRUSTEES OF GRINNELL COLLEGE,INVESTMENT,373,294993,0,0,0.59100
202001399349300120,390806261,Children's Hlth Network of WI LLC,8701 Watertown Plank Rd,Milwaukee,WI,53226,Health Care,WI,NA,Related,0,0,false,0,true,0.50000
202001399349300120,390806261,Drexel Town Sq Surg Center LLC,9200 W Wisconsin Avenue,Milwaukee,WI,53226,814904300,Surgery Center,WI,Froedtert Hlth,Related,-1437032,2589410,false,0,true,0.49000
202001399349300120,390806261,FMLH MCW Real Estate Ventures LLC,9200 W Wisconsin Avenue,Milwaukee,WI,53226,260629591,Real Estate,WI,NA,Related,314526,11344101,false,0,true,0.50000
202001399349300120,390806261,Froedtert & MCW Network LLC,9200 W Wisconsin Avenue,Milwaukee,WI,53226,814382585,Health Care,WI,NA,Related,1700638,3284245,false,0,true,0.50000
202001399349300120,390806261,Froedtert Surgery Center LLC,9200 W Wisconsin Avenue,Milwaukee,WI,53226,201499345,Surgery Center,WI,Froedtert Hosp,Related,641578,3412139,false,0,true,0.30000
202021969349305657,160743209,EXCELL INNOVATE NY FUND LP,343 STATE STREET KODAK TOWER 2ND,ROCHESTER,NY,14650,462405519,INVESTMENT FUND,NY,ETV INC
202021969349305657,160743209,EXCELL MINORITY AND WOMEN OWNED BUSINESS,343 STATE STREET KODAK TOWER 2ND,ROCHESTER,NY,14650,810723223,INVESTMENT FUND,NY,ETV INC
202021969349305657,160743209,EXCELL PARTNERS INNOVATIVE TC FUND LP,343 STATE STREET KODAK TOWER 2ND,ROCHESTER,NY,14615,810711015,INVESTMENT FUND,NY,ETV INC
202041959349303504,135562308,NYU LANGONE DIAGNOSTICS LLC,550 FIRST AVENUE,NEW YORK,NY,10016,301001205,OUTREACH TESTING,NY,NYU LANGONE HEALTH SYSTEM,RELATED,0,0,0.80000
202031369349303453,350868188,Magna NYC Co-Investment LP,300 Centerville Road,Suite 300 East,Warwick,RI,02886,261523052,Real estate investment,DE,GP Magna NYC Co-Investment LLC,Unrelated,-1166135,29512092,false,-1070992,false,0.8909
202031369349303453,350868188,Merit Energy Partners VIII LP,13727 Noel Rd,Suite 1200,Dallas,TX,75240,752530212,Direct energy investments,DE,Merit Partners LP,Excluded,8222756,155482522,false,false,0.99
202031369349303453,350868188,Qiming II Investor Holdings LLC,350 106th Ave NE,First Floor,Bellevue,WA,98004,270464551,Feeder fund,WA,University of Notre Dame du Lac,Excluded,-45956,2505070,false,true,1
202031369349303453,350868188,Thor Palmer House Co-Investor LP,25 West 39th Street,11th Floor,New York,NY,10018,203283109,Real estate investment,DE,Thor Palmer House Co-Investor GP LLC,Excluded,-196639,58573057,false,false,0.6872
202031369349303453,350868188,Bridgewater Corporate Bond Fund LLC,One Glendenning Place,Westport,CT,06880,522317130,Investments,DE,Bridgewater Associates LP,Excluded,4732068,116031458,false,false,0.9265
202031369349303453,350868188,NDFPR LP,PO Box 194170,San Francisco,CA,941194170,611769730,Investments,DE,BART Partners VIII LLC,Excluded,667875,154980608,false,false,0.9966
202031369349303453,350868188,VMG Stone Brewing Coinvestment LP,39 Mesa Street,Suite 310,San Francisco,CA,94129,812802402,Investments,DE,VMG Partners III GP LP,Unrelated,-1932481,72120125,false,-1932481,false,0.636
202031369349303453,350868188,Schroder Adveq EEM I LP,981272313,Investments,UK,Schroder Adveq EEM Management I LP,Excluded,96404,14457157,false,false,0.99
202031369349303453,350868188,22NW Fund LP,1455 NW Leary Way,Suite 400,Seattle,WA,98107,473303449,Investments,DE,22NW Fund Group LLC,Excluded,3100144,67676067,false,113736,false,0.4625
202031369349303453,350868188,Sprints II Walton Co-Investment LP,Investments,GK,Sprints II Walton Co-Investment GP Limited,Unrelated,-375,12367152,false,-66444,false,1
202031369349303453,350868188,Endries Co-Invest LLC,c/o Nautic Partners LLC,50 Kennedy Plaza 12th Floor,Providence,RI,02903,821556028,Investments,DE,Nautic Capital VIII LP,Excluded,7487523,412700,false,false,0.9104
202031369349303453,350868188,Mile Rock Capital Fund I LP,700 Larkspur Landing Circle,Suite 199,Larkspur,CA,94939,825049944,Investments,DE,Mile Rock Capital,Excluded,0,54256,false,false,0.5004
202031369349303453,350868188,Level Equity-IMN Investors LLC,Two Grand Central Tower,140 E 45th St 39th Floor,New York,NY,10017,Investments,DE,Level Equity Management LLC,Excluded,0,10174116,false,false,0.9976
202031369349303453,350868188,EEM II LP,Investments,UK,EEM Management II LP,Excluded,0,0,false,false,0.99
202031369349303453,350868188,EEM Opportunities LP,981430893,Investments,UK,EEM Opportunities Management II LP,Excluded,0,0,false,false,0.99
202041349349302854,231352635,NW GATEWAY PROJECT,PO BOX 3003,LANCASTER,PA,17604,611625128,LAND ACQUISITION,PA,N/A,EXCLUDED,15806187,0,1,0.50000
202030629349301033,264360361,UCNM SUB-CDE I LLC,10831 MAGNOLIA DRIVE,CLEVELAND,OH,44106,271321195,LENDING,OH,NO,RELATED,57,1476,0,0,0.00010
202030629349301033,264360361,UCNM SUB-CDE II LLC,10831 MAGNOLIA DRIVE,CLEVELAND,OH,44106,271321263,LENDING,OH,NO,RELATED,4,496,0,0,0.00010
202031979349307063,430653611,6188 McPherson LLC,One Brookings Dr CB 1058,St Louis,MO,63130,460641754,Real Estate,MO,Parallel Properties LLC,Excluded,-1948,81077,false,false,0.01100
202031979349307063,430653611,8VC SPC IA LP,501 Second St Suite 300,San Francisco,CA,94107,300885126,Investment,DE,Washington University,Excluded,5537,9622518,false,false,0.66000
202031979349307063,430653611,Big Brick Buildings ML LLC,One Brookings Dr CB 1058,St Louis,MO,63130,821906099,Real Estate,MO,BOBB LLC,Excluded,238925,6089578,false,false,1.00000
202031979349307063,430653611,Big Brick Buildings MT LLC,One Brookings Dr CB 1058,St Louis,MO,63130,823761088,Real Estate,MO,BOBB LLC,Related,22904,24442,false,false,1.00000
202031979349307063,430653611,Castlereagh ML LLC,One Brookings Dr CB 1058,St Louis,MO,63130,812578815,Real Estate,MO,BOBB LLC,Excluded,-806734,16270804,false,false,0.90100
202031979349307063,430653611,Castlereagh MT LLC,One Brookings Dr CB 1058,St Louis,MO,63130,820881545,Real Estate,MO,BOBB LLC,Related,-1229,116081,false,false,0.01000
202031979349307063,430653611,Clayton Euclid ML LLC,One Brookings Dr CB 1058,St Louis,MO,63130,812764555,Real Estate,MO,BOBB LLC,Excluded,-927537,36030239,false,false,0.90100
202031979349307063,430653611,Clayton Euclid MT LLC,One Brookings Dr CB 1058,St Louis,MO,63130,821124230,Real Estate,MO,BOBB LLC,Related,-1078,133172,false,false,0.01000
202031979349307063,430653611,COLISEUM CAPITAL PARTNERS II LP,105 Rowayton Ave,Rowayton,CT,06853,461301579,Investment,DE,Washington University,Excluded,-9109547,68399233,false,false,0.79890
202031979349307063,430653611,Crescent ML LLC,One Brookings Dr CB 1058,St Louis,MO,63130,821921163,Real Estate,MO,BOBB LLC,Excluded,17126427,false,false,0.90100
202031979349307063,430653611,Crescent MT LLC,One Brookings Dr CB 1058,St Louis,MO,63130,823700737,Real Estate,MO,BOBB LLC,Excluded,-31,61414,false,false,0.01000
202031979349307063,430653611,DECATHLON ALPHA IV LP,1441 West Ute Blvd Suite 240,Park City,UT,84098,831157736,Investment,DE,Washington University,Excluded,7165035,false,false,0.60000
202031979349307063,430653611,Eastgate ML LLC,One Brookings Dr CB 1058,St Louis,MO,63130,472994311,Real Estate,MO,BOBB LLC,Excluded,2360541,11343340,false,false,0.90100
202031979349307063,430653611,Eastgate MT LLC,One Brookings Dr CB 1058,St Louis,MO,63130,475294794,Real Estate,MO,BOBB LLC,Related,-1427,34481,false,false,0.01000
202031979349307063,430653611,ECLIPSE SPV I LP,514 High Street Suite 4,Palo Alto,CA,94301,825079677,Investment,DE,Washington University,Excluded,91626150,false,false,0.69720
202031979349307063,430653611,Elm Park Credit Opportunities Fund LP,2101 Cedar Springs Rd Suite 700,Dallas,TX,75201,452685002,Investment,DE,Washington University,Excluded,1058089,9451500,false,false,0.70360
202031979349307063,430653611,Foundation Energy Fund V-B LP,5057 Keller Springs Rd Suite 650,Addison,TX,75001,465755749,Investment,DE,Washington University,Excluded,8664222,34399740,false,false,0.64100
202031979349307063,430653611,Kimmeridge Energy Net Profits Interest Fund LP,412 W 15th St 11th Floor,New York,NY,10011,352441391,Investment,DE,Washington University,Unrelated,769484,false,-214505,false
202031979349307063,430653611,KURAMO AFRICA OPPORTUNITY CO-INVESTMENT VEHICLE III LP,500 5th Ave 44th Floor,New York,NY,10110,824762558,Investment,DE,Washington University,Excluded,5566,12422663,false,false,0.76920
202031979349307063,430653611,KURAMO AFRICA OPPORTUNITY FUND III LP,500 5th Ave 44th Floor,New York,NY,10110,824747981,Investment,DE,Washington University,Excluded,176,509035,false,false,0.66240
202031979349307063,430653611,Lewis Center ML LLC,One Brookings Dr CB 1058,St Louis,MO,63130,473015612,Real Estate,MO,BOBB LLC,Excluded,-99609,10299787,false,false,1.00000
202031979349307063,430653611,Lewis Center MT LLC,One Brookings Dr CB 1058,St Louis,MO,63130,474490012,Real Estate,MO,BOBB LLC,Excluded,-1973,9701,false,false,1.00000
202031979349307063,430653611,LIBERTADOR PARTNERS LP,63 Crosby St 4th Floor,New York,NY,10012,832239641,Investment,DE,Washington University,Excluded,6489,48424290,false,false,0.99980
202031979349307063,430653611,McPherson Master Tenant LLC,One Brookings Dr CB 1058,St Louis,MO,63130,383915678,Real Estate,MO,Parallel Properties LLC,Related,-302,23167,false,false,0.01000
202031979349307063,430653611,NDFY14 Master Tenant LLC,One Brookings Dr CB 1058,St Louis,MO,63130,464787961,Real Estate,MO,BOBB LLC,Related,-120,17617,false,false,0.01000
202031979349307063,430653611,North Delmar FY14 LLC,One Brookings Dr CB 1058,St Louis,MO,63130,901030904,Real Estate,MO,BOBB LLC,Excluded,-101248,7476940,false,false,0.89100
202031979349307063,430653611,Page Field Commons Holdings LLC,150 Baker Ave Ext Suite 303,Concord,MA,01742,823087660,Investment,DE,Washington University,Excluded,276557,31600917,false,false,0.76400
202031979349307063,430653611,SESSA CAPITAL SPECIAL OPPORTUNITY FUND II LP,888 7th Ave 30th Floor,New York,NY,10019,824890968,Investment,DE,Washington University,Excluded,103726,70957561,false,false,0.97010
202031979349307063,430653611,SKDB FY14 LLC,One Brookings Dr CB 1058,St Louis,MO,63130,383919595,Real Estate,MO,BOBB LLC,Excluded,-93207,18324582,false,false,0.89100
202031979349307063,430653611,SKDB MT LLC,One Brookings Dr CB 1058,St Louis,MO,63130,473421569,Real Estate,MO,BOBB LLC,Related,586,38309,false,false,0.01000
202031979349307063,430653611,St Louis Internet2 Access Consortium LLC,700 Rosedale Ave CB 1034,St Louis,MO,63112,470849522,Internet Access,MO,N/A,Unrelated,-32636,40642,false,-32636,true,0.33760
202031979349307063,430653611,St Louis Land Company LLC,4320 Forest Park Ave,St Louis,MO,63108,134229138,Real Estate,MO,Washington University,Excluded,231194,15198636,false,false,0.51720
202031979349307063,430653611,TL TARGETED FUND LP,330 Madison Ave 24th Floor,New York,NY,10017,824300985,Investment,DE,Washington University,Excluded,382430,42577524,false,false,0.69120
202031979349307063,430653611,VY Space LP,1 Capital Place PO Box 847,Georgetown,Grand Cayman,CJ,981342517,Investment,CJ,Washington University,Excluded,12031,99734624,false,false,0.20210
202031979349307063,430653611,WE 113 North Maple St Holdings LLC,150 Baker Ave Ext Suite 303,Concord,MA,01742,821205603,Investment,DE,Washington University,Excluded,4459231,false,false,0.90000
202031979349307063,430653611,WE 137 Lathrop Road Holdings LLC,150 Baker Ave Ext Suite 303,Concord,MA,01742,823046857,Investment,DE,Washington University,Excluded,953,4325148,false,false,0.90000
202031979349307063,430653611,WE Industrial Portfolio LLC,150 Baker Ave Ext Suite 303,Concord,MA,01742,352576623,Investment,DE,Washington University,Excluded,153143,23058057,false,false,0.90000
202031979349307063,430653611,William Greenleaf Eliot Seed Fund LLC,One Brookings Dr CB 1058,St Louis,MO,63130,813029864,Investment,MO,William Greenleaf Eliot Seed Fund Manager LLC,Excluded,-23691,51484,false,-25859,false,0.29400
202011299349301766,340714629,KBS LLC,275 Eastland Rd,Berea,OH,44017,454564521,Real Estate,OH,KBS Manager,Related,109863,3919924,false,true,0.90000
202011299349301766,340714629,KBS Master Tenant LLC,275 Eastland Rd,Berea,OH,44017,463088020,Real Estate,OH,KBS Manager,Related,61,5,false,true,0.00100
202001959349303965,421315493,PLEASANT PLAIN INVESTMENT LTD,2000 NORTH COURT 20D,FAIRFIELD,IA,52556,421326047,RENTS,IA,MAHARISHI,UNIVERSITY OF MANAGEMENT,EXCLUDED,465643,2621515,false,false,1.00000
202030179349300723,540505892,E&H STATE INVESTOR LLC,30461 GARNAND DR,EMORY,VA,24327,812600783,REAL ESTATE INVESTMENT,VA,FOSS VA 2016 FUND LLC,Unrelated,236,30494,0,1,0.01
202030179349300723,540505892,E&H MASTER TENANT LLC,30461 GARNAND DR,EMORY,VA,24327,812517927,RENTAL REAL ESTATE,VA,ENHANCED CAPITAL HTC,Unrelated,-358,24638,0,1,0.01
202030179349300723,540505892,E&H LANDLORD LLC,30461 GARNAND DR,EMORY,VA,24327,475488168,RENTAL REAL ESTATE,VA,E&H MANAGER LLC,Unrelated,-2853,25843399,0,1,0.89
202030629349300738,237213309,The First Longwood Innovation Metals LP,175 Longwood Rd S Ste 105,Hamilton,On,CA,L8P 0A1,Real Estate,CA,Longwood Trust,Related,1228425,43176200,false,0,false,1.00000
202030629349300738,237213309,First Longwood Warehouse Redevelopment,175 Longwood Rd S Ste 105,Hamilton,On,CA,Bldg manageme,CA,Longwood Trust,Related,159754,6757896,false,0,false,1.00000
202001959349300715,231352294,1100 WALNUT ASSOC,1101 MARKET STREET SUITE 2004,PHILADELPHIA,PA,19107,232332396,MEDICAL OFFICE,PA,NA
202001959349300715,231352294,JEFF UNIV RAD ASSOC,840 CRESCENT CTR DR,FRANKLIN,TN,37067,412043518,HEALTH SVCS.,PA,NA
202001959349300715,231352294,JEFF COMP CONC CTR,4050 S 26TH ST,PHILADELPHIA,PA,19145,464254983,HEALTH SVCS.,PA,NA
202001959349300715,231352294,RIVERVIEW SURG CTR LP,3 CRESCENT DR,PHILADELPHIA,PA,19112,263910345,HEALTH SVCS.,PA,NA
202001959349300715,231352294,RIVERVIEW SURG CTR LLC,3 CRESCENT DR,PHILADELPHIA,PA,19112,263911509,HEALTH SVCS.,PA,NA
202001959349300715,231352294,ROTHMAN ORTHO SPEC HOSP,11221 ROE AVE,LEAWOOD,KS,66211,270260289,HEALTH SVCS.,PA,NA
202001959349300715,231352294,JEFFHEDGE LLC,1301 2ND AVE,SEATTLE,WA,98101,453214379,INVESTMENTS,DE,NA
202001959349300715,231352294,JUNIATA MED BLD,1101 MARKET STREET SUITE 2004,PHILADELPHIA,PA,19107,232450132,MEDICAL OFFICE,PA,NA
202001959349300715,231352294,TMB ENTERPRISE,1101 MARKET STREET SUITE 2004,PHILADELPHIA,PA,19107,232400586,MEDICAL OFFICE,PA,NA
202001959349300715,231352294,MED IMAGING ASSOC,1101 MARKET STREET SUITE 2004,PHILADELPHIA,PA,19107,232491498,HEALTH SVCS.,PA,NA
202001959349300715,231352294,GARDEN ST RAD LLC,1101 MARKET STREET SUITE 2004,PHILADELPHIA,PA,19107,471323463,RADIOLOGY,NJ,NA
202001959349300715,231352294,KENNEDY CH SURG,11221 ROE AVE,LEAWOOD,KS,66211,472462625,SURGERY CENTER,NJ,NA
202011749349300331,943477000,ALLIANCE FOR COMMUNITY IMPACT LLC,601 S FIGUEROA STREET 4TH FLOOR,LOS ANGELES,CA,90017,461999451,COMMUNITY DEVELOPMENT,CA,ALLIANCE FOR COLLEGE-READY PUBLIC SCHOOLS,0,1,0.99990
202021399349301552,381374230,842 2ND AVENUE LLC,33 EAST COLLEGE STREET,HILLSDALE,MI,49242,113537380,REAL ESTATE INVESTMENT,NY,HILLSDALE COLLEGE,94237,0,1,1.00000
202031789349301263,112569522,SB HLTHCARE IPA LLC,PO Box 1554,STNY BRK,NY,11790,113499101,Healthcare,NY,CPMP,RELATED,0,0,false,0,false,0.00000
202041359349300629,580566199,CENTURY CENTER HOLDINGS LLC,1501 MERCER UNIVERSITY DRIVE,MACON,GA,31207,833581560,NONRESIDENTIAL REAL ESTATE LEASING,GA,INVESTMENT,40354,12577855,0,0,0.50000
202021369349304527,581216007,Life Health Systems,1 Baltimore Pl NW,Atlanta,GA,30308,813982026,Healthcare,GA,NA,N/A,0,0,false,0,true
201933199349314428,930999148,MERIDIAN SPRING LLC,13315 WASHINGTON BLVD,LOS ANGELES,CA,90066,RENTAL OF FACILITIES,CA,N/A
202021509349301027,480577656,HEARTBEAT COFFEE LP,1200 S MAIN STREET,MCPHERSON,KS,67460,822490306,COFFEE SHOP,KS,CENTRAL CHRISTIAN COLLEGE,UNRELATED,70703,37123,0,-16439,0,0.60000
202000789349301225,930386908,David Eddings Fund LLC,3203 SE Woodstock Blvd,Portland,OR,97202,450929229,Holding Company,OR,REED INSTITUTE,Excluded,19519,7916,0,0,1,0.67
202011059349300936,362167770,LFC Investment Holdings LP,550 S Tryon St Suite 3500,Global Endowment,Charlotte,NC,28202,364797996,Investments,DE,na,Related,22286750,79051389,false,1004775,false,1
202011359349300026,911948115,INTERNATIONAL CENTRE FOR HELLENIC AND MEDITERRANEAN STUDIES,5 PLATEIA STADIOU GR-116 35,ATHENS,GREECE,GR,FACILITATES THE STUDY OF THE GREEK LANGUAGE AND CULTURE,GR,THE GEORGE PHYLACTOPOULOS FOUNDATION & THE ISMENE PHYLACTOPOULOS FOUNDATION,RELATED,0,0
202041789349301264,112593061,Stony Brook Healthcare IPA LLC,PO Box 1554,Stony Brook,NY,11790,113499101,healthcare,NY,CPMP,RELATED,0,0,false,0,false,0.00000
202041089349300024,364570934,870 FREEMAN ASSOCIATES LP,1910 ARTHUR AVENUE,BRONX,NY,10457,830398890,LOW INCOME HOUSING,NY,N/A
202041089349300024,364570934,VIP HUGHES AVENUE ASSOCIATES LP,1910 ARTHUR AVENUE,BRONX,NY,10457,262771847,LOW INCOME HOUSING,NY,N/A
202041089349300024,364570934,VIP MORRIS AVENUE ASSOCIATES LP,1910 ARTHUR AVENUE,BRONX,NY,10457,133892226,LOW INCOME HOUSING,NY,N/A
202041089349300024,364570934,VIP RJP ASSOCIATES LP,1910 ARTHUR AVENUE,BRONX,NY,10457,421607988,LOW INCOME HOUSING,NY,N/A
202031789349300448,112587430,SB HLTHCARE IPA LLC,PO Box 1554,STNY BRK,NY,11790,113499101,healthcare,NY,CPMP,RELATED,0,0,false,0,false,0.00000
201943189349314904,942992642,SURGERY CENTER OF ALTA BATES SMC,3875 TELEGRAPH,OAKLAND,CA,94609,470946086,PATIENT CARE,CA,NA
201943189349314904,942992642,ALTA CT SERVICES LP,175 LENNON,WALNUT CREEK,CA,94598,943083464,PATIENT CARE,CA,NA
201943189349314904,942992642,CALIFORNIA PACIFIC ADV IMAGING LLC,PO BOX 6102,NOVATO,CA,94598,562311840,PATIENT CARE,DE,NA
201943189349314904,942992642,SAN FRANCISCO ENDOSCOPY CENTER,2200 RIVER PLAZA DRIVE,SACRAMENTO,CA,95833,912160588,PATIENT CARE,CA,NA
201943189349314904,942992642,PRESIDIO SURGERY CENTER LLC,1635 DIVISADERO,SAN FRANCISCO,CA,94115,320144060,PATIENT CARE,CA,NA
201943189349314904,942992642,SUTTER FAIRFIELD SURGERY CENTER LLC,2200 RIVER PLAZA DRIVE,SACRAMENTO,CA,95833,300233892,PATIENT CARE,CA,NA
201943189349314904,942992642,SUTTER AMADOR SURGERY CENTER LLC,2200 RIVER PLAZA DRIVE,SACRAMENTO,CA,95833,461398093,PATIENT CARE,CA,NA
201943189349314904,942992642,ROSEVILLE ENDOSCOPY CENTER,2200 RIVER PLAZA DRIVE,SACRAMENTO,CA,95833,870710513,PATIENT CARE,CA,NA
201943189349314904,942992642,STANISLAUS SURGICAL HOSPITAL LLC,1421 OAKDALE ROAD,MODESTO,CA,95355,911754157,PATIENT CARE,CA,NA
201943189349314904,942992642,MEMORIAL MEDICAL BUILDING 1,1800 COFFEE RD 76,MODESTO,CA,95355,770234236,OFFICE RENTAL,CA,NA
201943189349314904,942992642,MEMORIAL MEDICAL BUILDING 2,1800 COFFEE RD 76,MODESTO,CA,95355,770287288,OFFICE RENTAL,CA,NA
201943189349314904,942992642,MAGNETIC IMAGING AFFILIATES LLC,2125 OAK GROVE ROAD,WALNUT CREEK,CA,94598,473696091,PATIENT CARE,CA,NA
201943189349314904,942992642,ASC OPERATORS - SANTA ROSA LLC,2200 RIVER PLAZA DRIVE,SACRAMENTO,CA,95833,263386169,CARE MANAGEMENT,CA,NA
201943189349314904,942992642,ASC OPERATORS - SAN LUIS OBISPO LLC,2200 RIVER PLAZA DRIVE,SACRAMENTO,CA,95833,272673776,CARE MANAGEMENT,CA,NA
201943189349314904,942992642,ICG CREDIT OPPORTUNITIES FUND LP,11111 SANTA MONICA BLVD SUITE 2100,LOS ANGELES,CA,90025,814220441,INVESTMENTS,CA,NA
201943189349314904,942992642,LA JOLLA ORTHOPEDIC SURGERY CENTER LLC,4120 LA JOLLA VILLAGE DRIVE,LA JOLLA,CA,92037,364397467,PATIENT CARE,CA,NA
201943189349314904,942992642,CARLSBAD SURGERY CENTER LLC,6121 PASEO DEL NORTE STE 100,CARLSBAD,CA,92011,201413484,PATIENT CARE,CA,NA
201943189349314904,942992642,COAST CTR FOR ORTHOPEDIC & ARTHROSCOPIC,3444 KEARNY VILLA ROAD,SAN DIEGO,CA,92123,330839637,PATIENT CARE,CA,NA
201943189349314904,942992642,OTAY LAKES SURGERY CENTER LLC,955 LANE AVE SUITE 100,CHULA VISTA,CA,91914,200794766,PATIENT CARE,CA,NA
201943189349314904,942992642,MADISON INTERNATIONAL GLOBAL,410 PARK AVENUE,NEW YORK,NY,10022,981310251,INVESTMENTS,NY,NA
201903189349310185,810994377,ADVANCED IMAGING CENTER LLC,615 VALLEY VIEW DRIVE,MOLINE,IL,61265,364356301,DIAGNOSTIC RADIOLOGY CENTER,IA,N/A
201903189349310185,810994377,ALLEN MEMORIAL HOSPITAL ORTHOPEDIC CO-MANAGEMENT CO LLC,1825 LOGAN AVE,WATERLOO,IA,50703,453237125,ORTHOPEDIC MANAGEMENT & ADMINISTRATIVE SERVICES,IA,N/A
201903189349310185,810994377,ANKENY MEDICAL PARK SURGERY CENTER LC,3625 NORTH ANKENY BLVD STE J,ANKENY,IA,50021,831281114,AMBULATORY SURGERY CENTER,IA,N/A
201903189349310185,810994377,CENTRAL IOWA CARDIOVASCULAR CO-MANAGEMENT CO LLC,1200 PLEASANT ST,DES MOINES,IA,50309,273625869,CARDIOVASCULAR MANAGEMENT & ADMINISTRATIVE SERVICES,IA,N/A
201903189349310185,810994377,CENTRAL IOWA ONCOLOGY CO-MANAGEMENT COMPANY,1200 PLEASANT STREET,DES MOINES,IA,50309,453017991,ONCOLOGY MANAGEMENT & ADMINISTRATIVE SERVICES,IA,N/A
201903189349310185,810994377,CENTRAL IOWA PHYSIO LLC,4714 GETTYSBURG ROAD,MECHANICSBURG,PA,17055,364799633,PHYSICAL THERAPY SERVICES,IA,N/A
201903189349310185,810994377,CENTRAL IOWA SURGICAL SERVICES CO-MANAGEMENT CO LLC,1200 PLEASANT ST,DES MOINES,IA,50309,471608704,SURGICAL MANAGEMENT & ADMINISTRATIVE SERVICES,IA,N/A
201903189349310185,810994377,DUBUQUE ENDOSCOPY CENTER LC,1515 DELHI STREET SUITE 500,DUBUQUE,IA,52001,201597161,AMBULATORY SURGERY CENTER,IA,N/A
201903189349310185,810994377,FINLEY DEPT OF SURGERY CO-MGMT CO LLC,350 N GRANDVIEW AVE,DUBUQUE,IA,52001,422808785,SURGERY DEPARTMENT MANAGEMENT SERVICES,IA,N/A
201903189349310185,810994377,HANCOCK COUNTY SLF LLP,403 S ADAMS,CARTHAGE,IL,62321,204445121,ASSISTED LIVING FACILITY,IL,N/A
201903189349310185,810994377,HEALTH CARE AFFILIATES OF THE TRI-STATES LLC,350 N GRANDVIEW AVE,DUBUQUE,IA,52001,421428503,PROVIDE ACCESS TO LICENSED SOFTWARE,IA,N/A
201903189349310185,810994377,IOWA DIAGNOSTIC IMAGING AND PROCEDURE CENTER LC,1200 PLEASANT STREET,DES MOINES,IA,50309,030482623,OUTPATIENT DIAGNOSTIC IMAGING,IA,N/A
201903189349310185,810994377,IOWA HEALTH SYSTEM CONTRACTING SERVICES LC,1776 WEST LAKES PKWY 400,WEST DES MOINES,IA,50266,421511142,GROUP PURCHASING,IA,N/A
201903189349310185,810994377,LAKEVIEW SURGERY CENTER LC,1200 PLEASANT STREET,DES MOINES,IA,50309,421516120,SURGERY CENTER,IA,N/A
201903189349310185,810994377,MERITER UW PHYSICIANS CONTRACTING COMPANY LLC,202 SOUTH PARK STREET,MADISON,WI,53715,391998819,HEALTH SERVICES,WI,N/A
201903189349310185,810994377,MISSISSIPPI VALLEY SLEEP DISORDER CENTER LC,3400 DEXTER COURT,DAVENPORT,IA,52807,421489697,MEDICAL LABORATORY SERVICES,IA,N/A
201903189349310185,810994377,MMCI ORTHOPEDIC CO-MANAGEMENT COMPANY LLC,221 NE GLEN OAK AVE,PEORIA,IL,61636,461219459,ORTHOPEDIC MANAGEMENT & ADMINISTRATIVE SERVICES,IL,N/A
201903189349310185,810994377,MR ASSOCIATES LLP,1956 1ST AVENUE NE,CEDAR RAPIDS,IA,52402,421260463,OWN AND OPERATE MR UNIT,IA,N/A
201903189349310185,810994377,ORTHOPAEDIC OUTPATIENT SURGERY CENTER LC,1200 PLEASANT STREET,DES MOINES,IA,50309,421508092,AMBULATORY SURGERY CENTER,IA,N/A
201903189349310185,810994377,REHABILITATION THERAPY SERVICES LLC,416 ST MARKS CT 110,PEORIA,IL,61603,810584193,REHABILATION THERAPY,IL,N/A
201903189349310185,810994377,THE OUTPATIENT SURGERY CENTER OF CEDAR RAPIDS LLC,1075 FIRST AVENUE SE,CEDAR RAPIDS,IA,52403,721550812,AMBULATORY SURGERY CENTER.,IA,N/A
201903189349310185,810994377,UPHT-SCA HOLDINGS LLC,569 BROOKWOOD VILLAGE SUITE 901,BIRMINGHAM,AL,35209,473564984,AMBULATORY SURGERY CENTER INVESTMENT,DE,N/A
201903189349310185,810994377,WEST HOSPITAL ORTHOPEDIC CO-MANAGEMENT COMPANY LLC,1660 60TH STREET,WEST DES MOINES,IA,50266,271414600,ORTHOPEDIC SERVICE LINES MANAGEMENT,IA,N/A
201903189349310185,810994377,WEST LAKES SLEEP CENTER LLC,5950 UNIVERSITY AVENUE SUITE 2,WEST DES MOINES,IA,50266,263193923,SLEEP DISORDER DIAGNOSTIC TESTING FACILITY,IA,N/A
201923169349300302,550753754,Women and Children's Medical Office Building LLC,PO Box 1547,Charleston,WV,253261547,550669065,Medical Office Building,WV,N/A
201923169349300302,550753754,General Division Medical Office Building LLC,PO Box 1547,Charleston,WV,253261547,550623949,Medical Office Building,WV,N/A
202011369349303686,042103547,EUSA LLP,1A QUEENSBERRY PLACE,LONDON,UK,SW7 2DL,Education,UK,BU EUREUSA UK,429811,1582989,false,false,1.00000
202011369349303686,042103547,LVPU LP,10000 Memorial Drive Suite 550,Houston,TX,77024,471582760,Investments,TX,BU Trustees,3989885,19377651,false,-1848018,false,1.00000
202031969349301103,516000297,First State Marine Wind LLC,2050 Cabot Boulevard West,Langhorne,PA,19047,383809186,PWR Generation,DE,Blue Hen Wd,Power Generation,498263,4891055,false,false,0.97500
202001579349300725,310537516,NAB Real Estate Holdings LLC,8338 Whispering Valley Drive,Cincinnati,OH,45247,200695355,Real Estate Holding,OH,Xavier University,Related,7216,25165,0,0,0.75000
202031349349301523,150532082,ITHACA LP,35 THORNWOOD,ITHACA,NY,14850,INVESTMENTS,JE,CORNELL UNIV,RELATED,-256808,3435961,false,0,false,0.99690
202031349349301523,150532082,Hudson Cornell Residential JV,826 Broadway,NY,NY,10003,Real Estate,NY,Cornell Univ,RELATED,-3114045,29149145,false,0,false,0.86590
202031349349301523,150532082,Cayuga 1993 LP,555 Main St,Racine,WI,53403,Investments,WI,Cornell Univ,RELATED,1051030,13137881,false,0,false,0.62970
202021369349301802,311778403,AGH PHOENIX LLC,220 E LAS COLINAS BLVD SUITE 1000,IRVING,TX,75039,471584330,HOLDING COMPANY,AZ,N/A
202021369349301802,311778403,AMERICAN MERCY HOME CARE LLC,1700 EDISON DR,MILFORD,OH,45150,830486150,HOME HEALTH,OH,N/A
202021369349301802,311778403,ARIZONA CARE NETWORK LLC (ACN LLC),350 W THOMAS RD,PHOENIX,AZ,85013,454494682,CARE NETWORK,AZ,N/A
202021369349301802,311778403,AUDUBON LAND COMPANY LLC,630 SOUTHPOINTE COURT 200,COLORADO SPRINGS,CO,80906,841513085,REAL ESTATE,CO,N/A
202021369349301802,311778403,AVON EMERGENCY AND URGENT CARE CENTER LLC,9100 E MINERAL CIRCLE,CENTENNIAL,CO,80112,811727282,HEALTHCARE SRVC,CO,N/A
202021369349301802,311778403,BAYLOR CHI ST LUKES HEALTH SERVICES LLC,6624 FANNIN ST STE 1100,HOUSTON,TX,77030,472079184,HEALTHCARE SRVC,TX,N/A
202021369349301802,311778403,BERGAN MERCY SURGERY CENTER LLC,7710 MERCY RD STE 200,OMAHA,NE,68124,208671994,AMBUL SURG CTR,NE,N/A
202021369349301802,311778403,BERYWOOD OFFICE PROPERTIES LLC,2501 CITICO AVE,CHATTANOGA,TN,37404,621875199,PHYS OFFICE,TN,N/A
202021369349301802,311778403,BLUEGRASS REGIONAL IMAGING CENTER,1218 SOUTH BROADWAY STE 310,LEXINGTON,KY,40504,611386736,DIAGNOSTIC IMAGING,KY,N/A
202021369349301802,311778403,CBCC OUTSMARTING CANCER LLC,6501 TRUXTUN AVENUE,BAKERSFIELD,CA,93309,461602286,RADIATION / ONCOLOGY,CA,N/A
202021369349301802,311778403,CENTRAL NEBRASKA REHABILITATION SERVICES LLC,3004 W FAIDLEY AVENUE,GRAND ISLAND,NE,68803,810653461,PHYSICAL THERAPY,NE,N/A
202021369349301802,311778403,CENTURA-SCA HOLDINGS LLC,569 BROOK VILLAGE STE 901,BIRMINGHAM,AL,35209,474823023,OP SURGERY CENTER,AL,N/A
202021369349301802,311778403,CHI OPERATING INVESTMENT PROGRAM LP,198 INVERNESS DRIVE WEST,ENGLEWOOD,CO,80112,470727942,INVESTMENTS,CO,N/A
202021369349301802,311778403,CHICAMSURG SURGERY CENTERS LLC,1A BURTON HILLS BLVD,NASHVILLE,TN,37215,465683027,SURGERY CENTER,CO,N/A
202021369349301802,311778403,CHICLARKIN VENTURES LLC,901 E MINERAL CIRCLE,CENTENNIAL,CO,80112,474210888,URGENT CARE,CO,N/A
202021369349301802,311778403,COLORADO SPRINGS CK LEASING LLC,630 SOUTHPOINTE COURT 200,COLORADO SPRINGS,CO,80906,262982714,REAL ESTATE,CO,N/A
202021369349301802,311778403,COMMUNITY MERCY HOME CARE SERVICES OF SPRINGFIELD LLC,1700 EDISON DR,MILFORD,OH,45150,311746556,HOME HEALTH,OH,N/A
202021369349301802,311778403,DE JV LLC,8686 NEW TRAILS DRIVE,THE WOODLANDS,TX,77381,320496548,EMERGENCY CARE,NV,N/A
202021369349301802,311778403,DHHP SURGERY CENTERS LLC,1513 S GRAND AVENUE STE 350,LOS ANGELES,CA,90015,831847466,SURGERY,CA,N/A
202021369349301802,311778403,DHRT HOLDINGS LLC,185 BERRY STREET SUITE 300,SAN FRANCISCO,CA,94107,352484591,HOLDING COMPANY,DE,N/A
202021369349301802,311778403,DIGNITY- GOHEALTHURGENT CARE MANAGEMENT LLC,5555 GLENRIDGE CONNECTOR SUITE 700,ATLANTA,GA,30342,352548698,MANAGEMENT SERVICES,DE,N/A
202021369349301802,311778403,DIGNITY HEALTH AT HOME LLC,1700 EDISON DR,MILFORD,OH,45150,824674115,HEALTHCARE SRVC,DE,N/A
202021369349301802,311778403,DIGNITY HEALTH SPECIALTY PHARMACY LLC,185 BERRY STREET SUITE 300,SAN FRANCISCO,CA,94107,325894620,SPECIALTY PHARMACY SERVICES,DE,N/A
202021369349301802,311778403,DIGNITYUSP LAS VEGAS SURGERY CENTERS LLC,15305 DALLAS PARKWAY SUITE 1600 LB,ADDISON,TX,75001,202999237,SURGERY,TX,N/A
202021369349301802,311778403,DIGNITYUSP NORCAL SURGERY CENTERS LLC,15305 DALLAS PARKWAY SUITE 1600 LB,ADDISON,TX,75001,202468509,SURGERY,TX,N/A
202021369349301802,311778403,DIGNITYUSP PHOENIX SURGERY CENTERS LLC,15305 DALLAS PARKWAY SUITE 1600 LB,ADDISON,TX,75001,134248908,SURGERY,TX,N/A
202021369349301802,311778403,DIGNITYUSPJOHN MUIR EAST BAY SURG CTRS LLC,15305 DALLAS PARKWAY SUITE 1600 LB,ADDISON,TX,75001,352584991,SURGERY,TX,N/A
202021369349301802,311778403,DIGNITY-ABRAZO HEALTH NETWORK LLC,3030 N CENTRAL AVENUE SUITE 1402,PHOENIX,AZ,85012,465477985,MANAGEMENT SERVICES,AZ,N/A
202021369349301802,311778403,DOMINICAN MAGNETIC RESONANCE IMAGING CENTER,1545 SOQUEL DRIVE,SANTA CRUZ,CA,94065,770095477,IMAGING CENTER,CA,N/A
202021369349301802,311778403,FOLSOM SIERRA ENDOSCOPY CENTER LP,1650 CREEKSIDE DRIVE 1600,FOLSOM,CA,95630,680482416,ENDOSCOPY,CA,N/A
202021369349301802,311778403,FRANCISCAN MEDICAL PAVILION BONNEY LAKE LLC,6622 WOLLOCHET DR NW,GIG HARBOR,WA,98335,463494108,REAL ESTATE,WA,N/A
202021369349301802,311778403,FRANCISCAN SPECIALTY CARE LLC,680 SOUTH FOURTH STREET,LOUISVILLE,KY,40202,813725123,HEALTHCARE SRVC,WA,N/A
202021369349301802,311778403,GOOD SAMARITAN HOME CARE SERVICES OF VINCENNE IN LLC,1700 EDISON DR,MILFORD,OH,45150,201792869,HOME HEALTH,OH,N/A
202021369349301802,311778403,HC SL VINTAGE I LLC,18000 W SARAH LANE STE 250,BROOKFIELD,WI,53045,270453767,PROPERTY HOLDING,WI,N/A
202021369349301802,311778403,HEALTHCARE SUPPORT SERVICES LLC,PO BOX 9804,GRAND ISLAND,NE,68802,721546196,LAUNDRY,NE,N/A
202021369349301802,311778403,HEARTLAND ONCOLOGY LLC,2337 E CRAWFORD ST,SALINA,KS,67401,464265403,ONCOLOGY,KS,N/A
202021369349301802,311778403,HIGHLINE PHYSICAL THERAPY GROUP,181 S 333RD STREET STE 250,FEDERAL WAY,WA,98003,911419040,PHYSICAL THERAPY,WA,N/A
202021369349301802,311778403,LAKESIDE AMBULATORY SURGICAL CENTER LLC,17031 LAKESIDE HILLS DR,OMAHA,NE,68130,204267902,AMBUL SURG CTR,NE,N/A
202021369349301802,311778403,LAKESIDE ENDOSCOPY CENTER LLC,17001 LAKESIDE HILLS PLZ STE 201,OMAHA,NE,68130,205544496,ENDOSCOPY SRVC,NE,N/A
202021369349301802,311778403,LINCOLN CK LEASING LLC,555 SOUTH 70TH ST,LINCOLN,NE,68510,262496856,REAL ESTATE,NE,N/A
202021369349301802,311778403,MERCY DAVIS CANCER CENTER MANAGEMENT CO LLC,2740 M STREET,MERCED,CA,95340,943358445,MANAGEMENT OF CANCER CENTER,CA,N/A
202021369349301802,311778403,MERCY REHABILITATION HOSPITAL LLC,680 SOUTH FOURTH STREET,LOUISVILLE,KY,40202,814437201,HEALTHCARE SRVC,TX,N/A
202021369349301802,311778403,MILITARY ROAD PROPERTIES LLC,181 S 333RD STREET STE 250,FEDERAL WAY,WA,98003,912067879,REAL ESTATE,WA,N/A
202021369349301802,311778403,NEBRASKA SPINE HOSPITAL LLC,6901 N 72ND ST,OMAHA,NE,68122,270263191,SPINE HOSPITAL,NE,N/A
202021369349301802,311778403,NICU OPERATING CO OF SANTA CRUZ LLC,1555 SOQUEL DRIVE,SANTA CRUZ,CA,95065,460502935,NEONATAL HEALTHCARE,CA,N/A
202021369349301802,311778403,NORTH RIVER SURGERY CENTER LLC,2209 WILDWOOD AVE,SHERWOOD,AR,72120,710799771,AMBUL SURG CTR,AR,N/A
202021369349301802,311778403,NSC CHANNEL ISLANDS LLC,3000 RIVERCHASE GALLERIA SUITE 500,BIRMINGHAM,AL,35244,770418197,AMBULATORY SURGICAL CENTER,CA,N/A
202021369349301802,311778403,OMG ARIZONA LLC,130 SUTTER STREET 2ND FLR,SAN FRANCISCO,CA,94104,471708588,MEDICAL OFFICE,AZ,N/A
202021369349301802,311778403,ORTHOCOLORADO LLC,11650 WEST 2ND PLACE,LAKEWOOD,CO,80255,371577105,ORTHO HOSPITAL,CO,N/A
202021369349301802,311778403,PARK RAPIDS AREA HEALTH CARE,600 PLEASANT AVENUE S,PARK RAPIDS,MN,56470,204926259,HEALTHCARE SRVC,MN,N/A
202021369349301802,311778403,PASADENA URGENCY CENTER LLC,4600 E SAM HOUSTON PKWY SOUTH,PASADENA,TX,77505,812482854,URGENT CARE,TX,N/A
202021369349301802,311778403,PATIENT TRANSPORT SERVICES OF COLUMBUS INC,1700 EDISON DR,MILFORD,OH,45150,264601285,AMBULANCE,OH,N/A
202021369349301802,311778403,PENINSULA RADIATION ONCOLOGY LLC,315 MLK JR WAY STE 111,TACOMA,WA,98405,870808610,HEALTHCARE SRVC,WA,N/A
202021369349301802,311778403,PENRAD IMAGING LLC,1390 KELLY JOHNSON BLVD,COLORADO SPRINGS,CO,80920,841072619,MEDICAL IMAGING,CO,N/A
202021369349301802,311778403,PERFORMANCE MEDICAL EQUIPMENT & RESPIRATORY SVSC LLC,19625 62ND AVENUE SOUTH STE 101,KENT,WA,98032,452901632,HOLDING COMPANY,WA,N/A
202021369349301802,311778403,PLAZA SURGERY CENTER LP,525 E PLAZA DRIVE SUITE 100,SANTA MARIA,CA,93454,770573567,SURGERY,CA,N/A
202021369349301802,311778403,PMC HOSPITAL LLC,3100 MAIN ST STE 500,HOUSTON,TX,77002,273280598,HOSPITAL,TX,N/A
202021369349301802,311778403,PRECISION MEDICINE ALLIANCE LLC,198 INVERNESS DRIVE WEST,ENGLEWOOD,CO,80112,352569159,DIAGNOSTIC SERVICES,CO,N/A
202021369349301802,311778403,PUEBLO AMBULATORY SURGERY CENTER LLC,25 MONTEBELLO RD,PUEBLO,CO,81003,621488737,SURGERY CENTER,CO,N/A
202021369349301802,311778403,RADIATION ONCOLOGY CENTERS OF VENTURA COUNTY,1700 N ROSE AVENUE SUITE 120,OXNARD,CA,93030,770191706,IMAGING,CA,N/A
202021369349301802,311778403,RBR MANAGEMENT LLC,91 CORPORATE PARK DRIVE SUITE 120,HENDERSON,NV,89074,271466450,AMBULANCE,NV,N/A
202021369349301802,311778403,REID-ANC HOME CARE SERVICES LLC,1700 EDISON DR,MILFORD,OH,45150,371454747,HOME HEALTH,IN,N/A
202021369349301802,311778403,SAINT JOSEPH - SCA HOLDINGS LLC,1451 HARRODSBURG RD,LEXINGTON,KY,40503,453801157,OP SURGERY,DE,N/A
202021369349301802,311778403,SAINT JOSEPH-ANC HOME CARE SERVICES,1700 EDISON DR,MILFORD,OH,45150,263330545,HOME HEALTH,KY,N/A
202021369349301802,311778403,SANTA CRUZ COMPREHENSIVE IMAGING LLC,1661 SOQUEL DRIVE SUITE G,SANTA CRUZ,CA,95065,010550623,IMAGING,CA,N/A
202021369349301802,311778403,SANTA CRUZ LAND & BUILDING LP,1555 SOQUEL DRIVE,SANTA CRUZ,CA,95065,770285236,REAL ESTATE,CA,N/A
202021369349301802,311778403,SANTA CRUZ SURGERY CENTER LLC,3003 PAUL SWEET ROAD,SANTA CRUZ,CA,95065,770194916,SURGERY,CA,N/A
202021369349301802,311778403,SMI IMAGING LLC,6740 E CAMELBACK ROAD SUITE 101,SCOTTSDALE,AZ,85251,264000683,IMAGING CENTER,CA,N/A
202021369349301802,311778403,SOUTHEASTERN HOME CARE LLC,1700 EDISON DR,MILFORD,OH,45150,271219638,HOME HEALTH,OH,N/A
202021369349301802,311778403,ST JOSEPH'S SURGERY CENTER LP,15305 DALLAS PARKWAY SUITE 1600 LB,ADDISON,TX,75001,201019390,SURGERY,TX,N/A
202021369349301802,311778403,ST ELIZABETH HOME CARE SERVICES LLC,1700 EDISON DR,MILFORD,OH,45150,261236191,HOME HEALTH,KY,N/A
202021369349301802,311778403,ST FRANCIS LAND COMPANY,5390 N ACADEMY BLVD STE 300,COLORADO SPRINGS,CO,80918,263134100,REAL ESTATE,CO,N/A
202021369349301802,311778403,ST LUKE'S DIAGNOSTIC CATH LAB LLP,6624 FANNIN ST STE 800,HOUSTON,TX,77030,710959365,DIAGNOSTICS,TX,N/A
202021369349301802,311778403,ST LUKE'S LAKESIDE HOSPITAL LLC,6624 FANNIN STE 2505,HOUSTON,TX,77030,300427437,HOSPITAL,TX,N/A
202021369349301802,311778403,ST LUKE'S THE WOODLANDS SLEEP CENTER LLC,6624 FANNIN STE 800,HOUSTON,TX,77030,462795726,DIAGNOSTICS,TX,N/A
202021369349301802,311778403,TEMPLETON SURGERY CENTER LLC,1310 LAS TABLAS ROAD SUITE 104,TEMPLETON,CA,94365,202246616,SURGERY,CA,N/A
202021369349301802,311778403,THE MEDICAL PAVILION AT ST JOHN'S,1700 ROSE AVENUE,OXNARD,CA,93030,770332349,REAL ESTATE,CA,N/A
202021369349301802,311778403,THREE SPRING IMAGING LLC,1 MERCADO ST STE 200A,DURANGO,CO,81301,811174301,HEALTHCARE SRVC,CO,N/A
202021369349301802,311778403,VALLEY PHYSICIANS SURGERY CENTER AT NORTHRIDGE LLC,18330 ROSCOE BLVD,NORTHRIDGE,CA,91328,800864336,SURGERY,CA,N/A
202021369349301802,311778403,WEST LAKES SURGERY CENTER LLC,12499 UNIVERSITY AVENUE STE 100,CLIVE,IA,50325,205345295,HEALTHCARE SRVC,IA,N/A
202021369349301802,311778403,HEALTHCARE SOLUTIONS NETWORK LLC,625 EDEN PARK DR 7TH FLOOR,CINCINNATI,OH,45202,472103334,PHYSICIAN HOSPITAL ORGANIZATION,OH,N/A
202021369349301802,311778403,PREFERRED LAB PARTNERS LLC,ONE MEDICAL VILLAGE DRIVE SUITE B,EDGEWOOD,KY,41017,824758763,LABORATORY SERVICES,KY,N/A
202020839349300307,340714681,MH MANAGER LLC,1 JOHN CARROLL BLVD,UNIVERSITY HEIGHTS,OH,44118,472542966,HOLDINGS,OH,MHH INC,RELATED,323148,18823171,false,true,0.98800
202020839349300307,340714681,MH LLC,1 JOHN CARROLL BLVD,UNIVERSITY HEIGHTS,OH,44118,471049178,RENTAL,OH,MH MANAGER LLC,RELATED,12769,31216677,false,false,0.90000
202001359349304415,310536715,GCM GROSVENOR DAYTON INVESTMENT FUND LP,767 FIFTH AVE 14TH FLOOR,NEW YORK,NY,10153,272764289,INVESTMENTS,NY,Univ of Dayton,Excluded,2463967,14169717,false,30548,false,0.995
202001359349304415,310536715,Concord Dayton Hotel II LLC,11410 Common Oaks Drive,Raleigh,NC,27614,472197148,hotel management,OH,1414 South Patterson LLC,Unrelated,2084834,3676302,false,2084834,false,0.9
202001359349304415,310536715,Dayton Hotel II LLC,11410 Common Oaks Drive,Raleigh,NC,27614,472510987,real estate,OH,1414 South Patterson LLC,Unrelated,-644731,7491754,false,-644731,false,0.9
202011749349301511,943477005,ALLIANCE FOR COMMUNITY IMPACT LLC,601 S FIGUEROA STREET 4TH FLOOR,LOS ANGELES,CA,90017,461999451,COMMUNITY DEVELOPMENT,CA,ALLIANCE FOR COLLEGE-READY PUBLIC SCHOOLS,0,1,0.99990
201923189349314362,263162145,Ball Outpatient Sur Ctr LLC,569 Brookwood Village Ste 901,Birmingham,AL,35244,270275794,Healthcare,IN,NA
201923189349314362,263162145,Beltway Surgery Centers LLC,569 Brookwood Village Ste 901,Birmingham,AL,35244,352072586,Healthcare,IN,NA
201923189349314362,263162145,BOSC Holdings LLC,950 N Meridian St Ste 800,Indianapolis,IN,46204,454147343,Healthcare,IN,NA
201923189349314362,263162145,BSC Holdings LLC,950 N Meridian St Ste 800,Indianapolis,IN,46204,452314634,Healthcare,IN,NA
201923189349314362,263162145,CHV Fund I LLC,950 N Meridian St Ste 800,Indianapolis,IN,46204,262523206,Venture CapitAL,IN,NA
201923189349314362,263162145,CHV Fund II Management LLC,950 N Meridian St Ste 800,Indianapolis,IN,46204,371717823,Venture CapitAL,IN,NA
201923189349314362,263162145,CHV Fund II LLC,950 N Meridian St Ste 800,Indianapolis,IN,46204,800902337,Venture CapitAL,IN,NA
201923189349314362,263162145,CHV Fund Management LLC,950 N Meridian St Ste 800,Indianapolis,IN,46204,262523151,Venture CapitAL,IN,NA
201923189349314362,263162145,Health Venture Management LLC,950 N Meridian St Ste 800,Indianapolis,IN,46204,205740218,Management,IN,NA
201923189349314362,263162145,IEC Holdings LLC,950 N Meridian St Ste 800,Indianapolis,IN,46204,454148032,Healthcare,IN,NA
201923189349314362,263162145,Indiana Endoscopy Centers LLC,569 Brookwood Village Ste 901,Birmingham,AL,35244,208398421,Healthcare,IN,NA
201923189349314362,263162145,ROC Surgery LLC,569 Brookwood Village Ste 901,Birmingham,AL,35244,271497960,Healthcare,IN,NA
201923189349314362,263162145,ROCS Holdings LLC,950 N Meridian St Ste 800,Indianapolis,IN,46204,454148369,Healthcare,IN,NA
201923189349314362,263162145,Senate St Surgery Center LLC,569 Brookwood Village Ste 901,Birmingham,AL,35244,421709357,Healthcare,IN,NA
201923189349314362,263162145,SSSC Holdings LLC,950 N Meridian St Ste 800,Indianapolis,IN,46204,454148167,Healthcare,IN,NA
201923189349314362,263162145,IU HEALTH FORT WAYNE LLC,950 N Meridian St Ste 800,INDIANAPOLIS,IN,46204,831224627,Healthcare,IN,NA
202000249349300400,310840764,1544 CENTRAL PARKWAY LLC,20918 STATE ROUTE 251,ST MARTIN,OH,45118,364787505,"OWNERSHIP, REHABILITATION AND RENTAL OF HISTORIC STRUCTURE",OH,CHATFIELD FM PROPERTY LLC,INVESTMENT,-39,3317274,0,1,0.01000
202001359349303465,560529988,PEACE COLLEGE&FOUNDATION INVESTMENT POOL,15 EAST PEACE STREET,RALEIGH,NC,27604,943481706,investment,NC,INVESTMENT,813421,25324855,false,false,0.82470
202001959349300610,231352651,1100 WALNUT ASSOC,1101 MARKET STREET SUITE 2004,PHILADELPHIA,PA,19107,232332396,MEDICAL OFFICE,PA,NA
202001959349300610,231352651,JEFF UNIV RAD ASSOC,840 CRESCENT CTR DR,FRANKLIN,TN,37067,412043518,HEALTH SVCS.,PA,NA
202001959349300610,231352651,JEFF COMP CONC CTR,4050 S 26TH ST,PHILADELPHIA,PA,19145,464254983,HEALTH SVCS.,PA,NA
202001959349300610,231352651,RIVERVIEW SURG CTR LP,3 CRESCENT DR,PHILADELPHIA,PA,19112,263910345,HEALTH SVCS.,PA,NA
202001959349300610,231352651,RIVERVIEW SURG CTR LLC,3 CRESCENT DR,PHILADELPHIA,PA,19112,263911509,HEALTH SVCS.,PA,NA
202001959349300610,231352651,ROTHMAN ORTHO SPEC HOSP,11221 ROE AVE,LEAWOOD,KS,66211,270260289,HEALTH SVCS.,PA,NA
202001959349300610,231352651,JEFFHEDGE LLC,1301 2ND AVE,SEATTLE,WA,98101,453214379,INVESTMENTS,DE,TJU,RELATED,832262,69267716,false,0,true,0.70983
202001959349300610,231352651,JUNIATA MED BLD,1101 MARKET STREET SUITE 2004,PHILADELPHIA,PA,19107,232450132,MEDICAL OFFICE,PA,NA
202001959349300610,231352651,TMB ENTERPRISE,1101 MARKET STREET SUITE 2004,PHILADELPHIA,PA,19107,232400586,MEDICAL OFFICE,PA,NA
202001959349300610,231352651,MED IMAGING ASSOC,1101 MARKET STREET SUITE 2004,PHILADELPHIA,PA,19107,232491498,HEALTH SVCS.,PA,NA
202001959349300610,231352651,GARDEN ST RAD LLC,1101 MARKET STREET SUITE 2004,PHILADELPHIA,PA,19107,471323463,RADIOLOGY,NJ,NA
202001959349300610,231352651,KENNEDY CH SURG,11221 ROE AVE,LEAWOOD,KS,66211,472462625,SURGERY CENTER,NJ,NA
201903199349310165,391620530,BELLIN ORTHOPEDIC SURGERY CENTER,2223 LIM KILN RD,GREEN BAY,WI,54311,264677834,AMBULATORY ORTHOPEDIC SURGERY,WI,N/A
202041009349300024,750827465,GCM GROSVENOR - TCU INVESTMENT FUND LP,767 FIFTH AVE 14TH FLOOR,NEW YORK,NY,10153,263345349,INVESTMENTS,DE,NONE,Excluded,2976097,9133594,false,311233,false,0.9441
202041009349300024,750827465,TRITIUM I-A LP,303 COLORADO STREET SUITE 2075,AUSTIN,TX,78701,470990592,INVESTMENTS,DE,NONE,Excluded,30293,17564469,false,0,false,0.5105
201933179349306858,475138693,CYMI LTD,6450 Sand Lake Rd Suite 200,Dayton,OH,454142679,311552628,Management,OH,N/A,0,0
201933179349306858,475138693,CYMI II LTD,6450 Sand Lake Rd Suite 200,Dayton,OH,454142679,311635578,Management,OH,N/A,0,0
201933179349306858,475138693,CYMI Communications LLC,6450 Sand Lake Rd Suite 200,Dayton,OH,454142679,208747264,Technology,OH,N/A,0,0
201933179349306858,475138693,CYMI Technologies LLC,6450 Sand Lake Rd Suite 200,Dayton,OH,454142679,205240463,Technology,OH,N/A,0,0
201933179349306858,475138693,DNLD Publishing LLC,6450 Sand Lake Rd Suite 200,Dayton,OH,454142679,202170064,Publishing,OH,N/A,0,0
201933179349306858,475138693,CYMI Real Estate Holdings LTD,6450 Sand Lake Rd Suite 200,Dayton,OH,454142679,201721381,Real Estate,OH,N/A,0,0
201933179349306858,475138693,WC Capital LLC,6450 Sand Lake Rd Suite 200,Dayton,OH,454142679,271247288,Investing,OH,N/A,0,0
201933179349306858,475138693,ooVoo LLC,6450 Sand Lake Rd Suite 200,Dayton,OH,454142679,208525171,Technology,OH,N/A,0,0
201933179349306858,475138693,ooVoo Holdings LLC,6450 Sand Lake Rd Suite 200,Dayton,OH,454142679,208825363,Technology,OH,N/A,0,0
201933179349306858,475138693,Krush Technologies LLC,6450 Sand Lake Rd Suite 200,Dayton,OH,454142679,474428387,Technology,OH,N/A,0,0
201933179349306858,475138693,CYMI Bond LP,6450 Sand Lake Rd Suite 200,Dayton,OH,454142679,311679479,Investing,OH,N/A,0,0
201933179349306858,475138693,CYMI Private Equity I LLC,6450 Sand Lake Rd Suite 200,Dayton,OH,454142679,201598243,Investing,OH,N/A,0,0
201933179349306858,475138693,CYMI Private Equity II LLC,6450 Sand Lake Rd Suite 200,Dayton,OH,454142679,201598304,Investing,OH,N/A,0,0
201933179349306858,475138693,CYMI Private Equity III LLC,6450 Sand Lake Rd Suite 200,Dayton,OH,454142679,205240395,Investing,OH,N/A,0,0
201933179349306858,475138693,Myrian Capital Fund A LLC,6450 Sand Lake Rd Suite 200,Dayton,OH,454142679,454925828,Investing,OH,N/A,0,0
201933179349306858,475138693,Myrian Capital Fund A-2 LLC,6450 Sand Lake Rd Suite 200,Dayton,OH,454142679,462194811,Investing,OH,N/A,0,0
201933179349306858,475138693,Myrian Capital Fund D LLC,6450 Sand Lake Rd Suite 200,Dayton,OH,454142679,472889638,Investing,OH,N/A,0,0
201933179349306858,475138693,CAD Investments LLC,6450 Sand Lake Rd Suite 200,Dayton,OH,454142679,870704682,Investing,OH,N/A,0,0
201933179349306858,475138693,Riverain Technologies LLC,6450 Sand Lake Rd Suite 200,Dayton,OH,454142679,412141323,Technology,OH,N/A,0,0
201933179349306858,475138693,CYMI Direct LLC,6450 Sand Lake Rd Suite 200,Dayton,OH,454142679,020655478,Investing,OH,N/A,0,0
201933179349306858,475138693,CYMI Direct II LLC,6450 Sand Lake Rd Suite 200,Dayton,OH,454142679,823369659,Investing,OH,N/A,0,0
201933179349306858,475138693,CYMI Equity LP,6450 Sand Lake Rd Suite 200,Dayton,OH,454142679,311679259,Investing,OH,N/A,0,0
201933179349306858,475138693,Myrian Capital Fund LLC,6450 Sand Lake Rd Suite 200,Dayton,OH,454142679,452694761,Investing,OH,N/A,0,0
202031069349301408,951643334,NA
202041349349302039,956137481,LL NUNN LLC,HC 72 BOX 45001,DYER,NV,89010,770493230,LANDLORD/TENANT,CA,DEEP SPRINGS CORPORATION,RELATED,-62551,1178169,0,1,0.57610
202001369349304315,010215213,TP PARTNERSHIP,PO BOX 770,ASHLAND,KY,41105,550648835,INVESTING,KY,NA,"EXCL. 512, 513, 514",0,40742,false,true,0.56022
201903199349316125,472553196,Madison Medical Center LLP,7974 UW Health Court,Middleton,WI,53562,391329429,Specialized Medical Center,WI,N/A
201903199349316125,472553196,Chartwell Wisconsin Enterprises LLC,2241 Pinehurst Drive,Middleton,WI,53562,391796267,Infusion Therapy,WI,N/A
201903199349316125,472553196,Sixth Street Medical LLC,7974 UW Health Court,Middleton,WI,53562,472705724,Real Estate,WI,N/A
201903199349316125,472553196,Three Rivers Partners LLC,1313 E State Street,Rockford,IL,61104,262231757,Information Technology Services,IL,N/A
201903199349316125,472553196,Northern Illinois Vein Clinic,2550 Charles Street,Rockford,IL,61108,201642329,Outpatient Health Services,IL,N/A
202021959349303987,941156365,ADOM PARTNERS LP,590 MADISON AVENUE 27TH FLOOR,NEW YORK,NY,10022,813083288,INVESTMENTS,DE,STANFORD,EXCLUDED,-108325426,244215211,false,0,false,0.98235
202021959349303987,941156365,ALBUS SELECT FUND LP,750 MENLO AVENUE,MENLO PARK,CA,94025,812064357,INVESTMENTS,DE,STANFORD,EXCLUDED,-32788713,149197251,false,0,false,0.99980
202021959349303987,941156365,ARCOLA VENTURE LLC,635 KNIGHT WAY,STANFORD,CA,94305,371689632,RE DEVELOPMENT,DE,STANFORD,EXCLUDED,0,1749997,false,12196321,true,0.97700
202021959349303987,941156365,CANARY SC FUND LP,399 PARK AVENUE,NEW YORK,NY,10022,475662144,INVESTMENTS,DE,STANFORD,EXCLUDED,0,68055339,false,0,false,0.99021
202021959349303987,941156365,CANARY SC MASTER FUND LP,89 NEXUS WAY CAMANA BAY,GRAND CAYMAN,CA,KY1-9009,981267847,INVESTMENTS,CJ,CANARY SC FUND,N/A,false
202021959349303987,941156365,CARLSBAD CO-INVEST LP,51 JOHN F KENNEDY PARKWAY SUITE 2,SHORT HILLS,NJ,07078,471702425,INVESTMENTS,DE,STANFORD,EXCLUDED,-476450,8691007,false,-535435,false,0.63690
202021959349303987,941156365,CEE EQUITY HOLDINGS LP,JTC HOUSE 28 ESPLANADE,ST HELIER JERSEY,JE,JE4 2QP,INVESTMENTS,JE,STANFORD,EXCLUDED,-5279,15349,false,0,false,1.00000
202021959349303987,941156365,CLAIRVUE CAPITAL PARTNERS II-TE 1 LP,TWO EMBARCADERO CENTER SUITE 480,SAN FRANCISCO,CA,94111,800909516,INVESTMENTS,DE,STANFORD,EXCLUDED,381073,0,false,0,false,0.99032
202021959349303987,941156365,CLAIRVUE CAPITAL PARTNERS II-TE 2 LP,TWO EMBARCADERO CENTER SUITE 480,SAN FRANCISCO,CA,94111,800909556,INVESTMENTS,DE,STANFORD,EXCLUDED,99564,0,false,0,false,0.66663
202021959349303987,941156365,CYPRESS MARINA HEIGHTS LLC,635 KNIGHT WAY,STANFORD,CA,94305,954887979,INVESTMENTS,CA,CYPRESS MARINA,N/A,false
202021959349303987,941156365,DGD INVESTMENT LP,635 KNIGHT WAY,STANFORD,CA,943057297,INVESTMENTS,CJ,STANFORD,EXCLUDED,0,75098238,false,0,false,1.00000
202021959349303987,941156365,ER-S JV LLC,635 KNIGHT WAY,STANFORD,CA,943057297,INVESTMENTS,DE,STANFORD,EXCLUDED,0,0,false,0,false,1.00000
202021959349303987,941156365,ER-S REIT LLC,635 KNIGHT WAY,STANFORD,CA,943057297,INVESTMENTS,DE,ER-S JV LLC,N/A,false
202021959349303987,941156365,ER-S INVESTOR LLC,635 KNIGHT WAY,STANFORD,CA,943057297,INVESTMENTS,DE,ER-S REIT LLC,N/A,false
202021959349303987,941156365,EZP OPPORTUNITY LP,635 KNIGHT WAY,STANFORD,CA,943057297,814562962,INVESTMENTS,DE,STANFORD,EXCLUDED,0,13270494,false,0,false,0.99071
202021959349303987,941156365,FORTRESS IW COINVESTMENT (FUND B) LP,1345 AVE OF THE AMERICAS 45TH FL,NEW YORK,NY,10105,980509639,INVESTMENTS,CJ,STANFORD,EXCLUDED,14,0,false,0,false,0.71643
202021959349303987,941156365,FOUR CROSSINGS INSTITUTIONAL PARTNERS V,ONE MARITIME PLAZA SUITE 200,SAN FRANCISCO,CA,94111,814323705,INVESTMENTS,DE,STANFORD,EXCLUDED,58830331,585758475,false,0,false,0.95619
202021959349303987,941156365,FOXLANE LP,410 E WATER STREET SUITE 888,CHARLOTTESVILLE,VA,22902,813314647,INVESTMENTS,DE,STANFORD,EXCLUDED,8855542,285741911,false,0,false,0.98676
202021959349303987,941156365,HHBG-II INVESTMENT LP,89 NEXUS WAY CAMANA BAY PO BOX 31,GRAND CAYMAN,CA,KY1-9009,INVESTMENTS,CJ,HHBG SF LIMITED,N/A,false
202021959349303987,941156365,KEB INVESTORS II LP,WASHINGTON MALL STE 304 7 REID ST,HAMILTON,BD,HM 11,INVESTMENTS,BD,STANFORD,EXCLUDED,853290,75403,false,0,false,0.63820
202021959349303987,941156365,LSF V DHB HOLDINGS LP,2711 N HASKELL AVE STE 1700,DALLAS,TX,75204,272858604,INVESTMENTS,DE,STANFORD,EXCLUDED,0,0,false,0,false,0.61875
202021959349303987,941156365,OLIFANT FUND LTD,635 KNIGHT WAY,STANFORD,CA,94305,INVESTMENTS,CJ,SBFF LTD,N/A,false
202021959349303987,941156365,OUTLAWS CASINO LTD,415 BROADWAY,REDWOOD CITY,CA,94063,841457498,HOLDING COMPANY,CO,HP OUTLAWS LLC,N/A,false
202021959349303987,941156365,PALO ALTO LP,13 CASTLE STREET,ST HELIER JERSEY,JE,981126622,INVESTMENTS,JE,STANFORD,EXCLUDED,0,2669194,false,0,false,0.98690
202021959349303987,941156365,SANDOVAL LP,635 KNIGHT WAY,STANFORD,CA,943057297,371873346,INVESTMENTS,DE,STANFORD,EXCLUDED,-6688066,120201094,false,0,false,0.99173
202021959349303987,941156365,SANDPIPER FUND LP,2000 MCKINNEY AVE STE 2125,DALLAS,TX,75201,260341626,INVESTMENTS,TX,STANFORD,EXCLUDED,-1280332,20797732,false,276,false,0.99596
202021959349303987,941156365,SAROFIM MULTIFAMILY PARTNERS LP,8115 PRESTON RD ST400,DALLAS,TX,75225,201929002,RE DEVELOPMENT,TX,STANFORD,EXCLUDED,-12985,265250,false,0,false,0.63750
202021959349303987,941156365,SCP REAL ASSETS FUND (A) LP,2498 SAND HILL RD,MENLO PARK,CA,94025,203949682,INVESTMENTS,DE,STANFORD,EXCLUDED,1374378,5747942,false,415065,false,0.62678
202021959349303987,941156365,SEQUOIA MFM OPERATING COMPANY LLC,770 WELCH ROAD LPCH- ADMIN MC5551,PALO ALTO,CA,94304,475060529,MFM PROGRAM,CA,LPCH,N/A,false
202021959349303987,941156365,SIC SNOWCREEK VIII LLC,635 KNIGHT WAY,STANFORD,CA,94305,275431605,RE DEVELOPMENT,CA,STANFORD,EXCLUDED,0,0,false,0,false,0.99873
202021959349303987,941156365,SP SMC PARTNERS LLC,PO BOX 5377,NEW YORK,NY,10185,473103791,INVESTMENTS,DE,STANFORD,EXCLUDED,1365106,117131861,false,1322648,false,0.99900
202021959349303987,941156365,STANFORD EMANUEL RADIATION ONCOLOGY CENT,825 DELBON AV,TURLOCK,CA,95382,208885091,RADIOLOGY,CA,SHC,N/A,false
202021959349303987,941156365,STANFORD PET-CT LLC,300 PASTEUR DR MC 5555,STANFORD,CA,94305,611423414,MED. DIAGNOST,CA,STANFORD,RELATED,8583783,10604259,false,0,false,0.50000
202021959349303987,941156365,STANFORD-STARTX FUND LLC,485 BROADWAY MAILCODE 8838,REDWOOD CITY,CA,94063,464297719,INVESTMENTS,DE,STANFORD,EXCLUDED,-74364,160624701,false,0,true,0.66660
202021959349303987,941156365,SUMIT HOLDING INTERNATIONAL LLC,1400 PAGE MILL ROAD MC5713,PALO ALTO,CA,94304,263934706,HOLDING COMPANY,DE,SHC,N/A,false
202021959349303987,941156365,TESSERA IONIC LP,635 KNIGHT WAY,STANFORD,CA,943057297,INVESTMENTS,DE,STANFORD,EXCLUDED,0,366104354,false,0,false,0.99900
202021959349303987,941156365,VEDA INVESTORS FUND LP,ONE FAWCETT PL,GREENWICH,CT,06830,811810345,INVESTMETNS,DE,STANFORD,EXCLUDED,53585897,550091923,false,0,false,0.99909
202021959349303987,941156365,VERMILION PEAK MASTER FUND,635 KNIGHT WAY,STANFORD,CA,943057297,INVESTMENTS,DE,VERMILION PEAK,N/A,false
202021959349303987,941156365,WINTER ROCK ALTERNATIVE CREDIT MASTER L,PO BOX 10008 WILLOW HOUSE CRICKET,GRAND CAYMAN,CJ,KY1-1001,941141686,INVESTMENTS,CJ,WINTER ROCK ALT,N/A,false
202021959349303987,941156365,WREP III A LP,6710 E CAMELBACK ROAD SUITE 100,SCOTTSDALE,AZ,85251,474780701,INVESTMENTS,DE,STANFORD,EXCLUDED,1100673,68652905,false,1478261,false,0.92166
202011359349304001,520595110,ASTHMA CENTER LP,3910 KESWICK ROAD N4327-B,BALTIMORE,MD,21211,521542228,REAL ESTATE,MD,N/A,RELATED,-9190,-401340,0,1,0.01000
202011359349304001,520595110,ASTHMA CENTER LP,3910 KESWICK ROAD N4327-B,BALTIMORE,MD,21211,521542228,REAL ESTATE,MD,N/A,RELATED,-680092,4954394,0,0,0.74000
202011359349304001,520595110,550 BROADWAY LP,3910 KESWICK ROAD N4327-B,BALTIMORE,MD,21211,521794353,N/A,MD,N/A
202011359349304001,520595110,JHMI UTILITIES LLC,3910 KESWICK ROAD N4327-B,BALTIMORE,MD,21211,202814243,UTILITIES SERVICES TO MEMBERS,MD,N/A,RELATED,1510864,160941352,0,12706,1,0.50000
202011359349304001,520595110,JOHNS HOPKINS HEALTHCARE LLC,3910 KESWICK ROAD N4327-B,BALTIMORE,MD,21211,521899357,MEDICAL SERVICES,MD,N/A,RELATED,799851,113105775,0,-1010086,1,0.50000
202011359349304001,520595110,JOHNS HOPKINS MEDICINE INTERNATIONAL LLC,3910 KESWICK ROAD N4327-B,BALTIMORE,MD,21211,522144849,"INTERNATIONAL HEALTH CARE, EDUCATION",MD,N/A,RELATED,4363324,59387788,0,-2984360,1,0.50000
202011359349304001,520595110,HOWARD COUNTY NEONATAL SERVICES LLC,3910 KESWICK ROAD N4327-B,BALTIMORE,MD,21211,522239401,CLINICAL SERVICES,MD,N/A,RELATED,-116852,-249291,0,1,0.50000
202011359349304001,520595110,JOHNS HOPKINS BROADWAY ACQUISITION AND DEVELOPMENT SERIES,3910 KESWICK ROAD N4327-B,BALTIMORE,MD,21211,522284576,LAND HOLDING AND DEVELOPMENT,MD,N/A,RELATED,160696,7523534,0,1,0.50000
202011359349304001,520595110,JOHNS HOPKINS MEDICINE ALLIANCE FOR PATIENTS LLC,3910 KESWICK ROAD N4327-B,BALTIMORE,MD,21211,462866692,MEDICAL SERVICES,MD,N/A,RELATED,0,1,0.50000
202011359349304001,520595110,JOHNS HOPKINS SURGERY CENTER SERIES LLC,3910 KESWICK ROAD N4327-B,BALTIMORE,MD,21211,208707724,CLINICAL SERVICES,MD,N/A,RELATED,64571,9340913,0,1,0.50000
202011359349304001,520595110,MEDBIQUITOUS CONSORTIUM LLC,3910 KESWICK ROAD N4327-B,BALTIMORE,MD,21211,208924480,INTERNET PUBLISHING,MD,N/A,RELATED,105321,0,1,0.50000
202011359349304001,520595110,NEPHROLOGY INVESTMENTS OF ABERDEEN LLC,3910 KESWICK ROAD N4327-B,BALTIMORE,MD,21211,208645333,INVESTMENT HOLDING,MD,N/A,UNRELATED,507397,418252,0,510194,1,0.60260
202011359349304001,520595110,JOHNS HOPKINS HEALTH CARE AND SURGERY CENTER DEVELOPMENT LLC,3910 KESWICK ROAD N4327-B,BALTIMORE,MD,21211,821388814,REAL ESTATE,MD,N/A,RELATED,-14502,26701363,0,1,0.50000
202011359349304001,520595110,320 W 29TH STREET LLC,3910 KESWICK ROAD N4327-B,BALTIMORE,MD,21211,465373756,REAL ESTATE,MD,N/A,EXCLUDED,20093,1071042,0,1,0.50000
202011359349304001,520595110,REMINGTON 29TH STREET LLC,3910 KESWICK ROAD N4327-B,BALTIMORE,MD,21211,833917703,REAL ESTATE,MD,N/A,EXCLUDED,24426,1571204,0,1,0.99900
202011359349304001,520595110,IMPALA BLUEBUCK LP,3910 KESWICK ROAD N4327-B,BALTIMORE,MD,21211,824035345,INVESTMENT HOLDING,DE,N/A,EXCLUDED,-12151694,116926778,0,-632197,0,0.74400
202011359349304001,520595110,CCA2-H LP,3910 KESWICK ROAD N4327-B,BALTIMORE,MD,21211,825305108,INVESTMENT HOLDING,DE,N/A,EXCLUDED,467551,76988750,0,0,0.99630
201933179349304138,341726619,NWO Integrated Laboratories Mercy LLC,2200 Jefferson Avenue,Toledo,OH,43624,341898285,Laboratory services,OH,NA,N/A
201933179349304138,341726619,Tiffin Ambulatory Surgical Associates,45 St Lawrence Drive,Tiffin,OH,44833,371567866,Ambulatory Surgery Center,OH,NA,N/A
201933179349304138,341726619,New Vision Medical Lab LLC,750 W High Street,Lima,OH,45801,341913433,Lab Services,OH,NA,N/A
201933179349304138,341726619,West Central Ohio Group Ltd,801 Medical Drive,Lima,OH,45804,341848147,Orthopedic Hospital,OH,NA,N/A
201933179349304138,341726619,West Central Ohio Regional Healthcare Alliance Ltd,2615 Fort Amanda Road,Lima,OH,45805,341817078,Healthcare quality,OH,NA,N/A
201933179349304138,341726619,Urologic Oncology of Mahoning Valley LLC,1044 Belmont Ave,Youngstown,OH,44501,262989686,Radiation Therapy,OH,NA,N/A
201933179349304138,341726619,OSC-HMHP LLC,6505 Market St Bldg B Ste 101,Boardman,OH,44512,010724836,Orthopedic Surgery Center,OH,NA,N/A
201933179349304138,341726619,Lourdes Ambulatory Surgery Center,225 Medical Center Drive,Paducah,KY,42003,205588350,Surgery Center,KY,NA,N/A
201933179349304138,341726619,Marshall County MRI LLC,615 Old Symsonia Road,Benton,KY,42025,610601267,MRI facility,KY,NA,N/A
201933179349304138,341726619,PREMIUM SURGERY CENTER LLC,5217 Maryland Way,SUITE 200,Brentwood,TN,37027,200400753,Surgery Center,TN,NA,N/A
201933179349304138,341726619,MERCY HEALTH INNOVATIONS LLC,1701 MERCY HEALTH PLACE,CINCINNATI,OH,45237,820639499,BUSINESS DEVELOPMENT,OH,NA,N/A
201933179349304138,341726619,MERCY FRANCISCAN AT WINTON WOODS I LP,10290 Mill Road,Cincinnati,OH,45231,311624311,Rental Real Estate,OH,NA,N/A
201933179349304138,341726619,Bon Secours Place at St Petersburg LLP,10300 Fourth Street North,St Petersburg,FL,33716,593589729,Assisted Living/Senior Care,FL,NA,N/A
201933179349304138,341726619,Bon Secours Apartments LP,1800 West Baltimore St,Baltimore,MD,21223,521952505,Low Income Housing,MD,NA,N/A
201933179349304138,341726619,Bon Secours Apartments II LP,1800 West Baltimore St,Baltimore,MD,21223,522063512,Low Income Housing,MD,NA,N/A
201933179349304138,341726619,Liberty Senior Housing LP,1800 West Baltimore St,Baltimore,MD,21223,522134447,Low Income Housing,MD,NA,N/A
201933179349304138,341726619,Bon Secours Apartments III LP,1800 West Baltimore St,Baltimore,MD,21223,522134444,Low Income Housing,MD,NA,N/A
201933179349304138,341726619,Bon Secours Smallwood Summit LP,26 North Fulton Ave,Baltimore,MD,21223,522280175,Low Income Housing,MD,NA,N/A
201933179349304138,341726619,Bon Secours Chesapeake Apartments LP,26 North Fulton Ave,Baltimore,MD,21223,200107034,Low Income Housing,MD,NA,N/A
201933179349304138,341726619,Bon Secours Shiloh LP,26 North Fulton Ave,Baltimore,MD,21223,203965243,Low Income Housing,MD,NA,N/A
201933179349304138,341726619,Bon Secours New Shiloh II Limited Partnership,26 North Fulton Ave,Baltimore,MD,21223,820655142,Low Income Housing,MD,NA,N/A
201933179349304138,341726619,Bon Secours Wayland LP,26 North Fulton Ave,Baltimore,MD,21223,270468688,Low Income Housing,MD,NA,N/A
201933179349304138,341726619,Bon Secours Gibbons Apartments LP,26 North Fulton Ave,Baltimore,MD,21223,472322323,Low Income Housing,MD,NA,N/A
201933179349304138,341726619,Upstate Surgery Center LLC,One St Francis Drive,Greenville,SC,29601,562186977,Ambulatory Surgery Center,SC,NA,N/A
201933179349304138,341726619,Broad64 Imaging LLC,8580 Magellan Parkway,Richmond,VA,23227,205886018,Imaging Services,VA,NA,N/A
201933179349304138,341726619,Richmond Radiation Oncology Center I LLC,8580 Magellan Parkway,Richmond,VA,23227,208444551,Radiation Oncology Services,VA,NA,N/A
201933179349304138,341726619,RI LP,8580 Magellan Parkway,Richmond,VA,23227,541708835,Imaging Services,VA,NA,N/A
201933179349304138,341726619,Bon Secours Benet House LP,26 North Fulton Ave,Baltimore,MD,21223,364765400,Low Income Housing,MD,NA,N/A
201933179349304138,341726619,Bon Secours Benet House LLC,26 North Fulton Ave,Baltimore,MD,21223,463055312,Low Income Housing,MD,NA,N/A
201933179349304138,341726619,Southeastern Health PartnersLLC,One St Francis Drive,Greenville,SC,29601,813264385,Coordinated Care,SC,NA,N/A
201933179349304138,341726619,Harbour View MOB 2 LLC,5818 Harbour View Blvd Suite A1,Suffolk,VA,23435,822484997,Real Estate,VA,NA,N/A
201933179349304138,341726619,Bon Secours Diagnostic Imaging LLC,10 S Academy Street Suite 300,Greenville,SC,29601,Outpatient Imaging Centers,SC,NA,N/A
201933179349304138,341726619,Memorial Ambulatory Surgery Center LLC,8580 Magellan Parkway,Richmond,VA,23227,593813233,Ambulatory Surgery Center,VA,NA,N/A
201933179349304138,341726619,Community Mercy Home Care Services of Springfield LLC,1700 Edison Drive,Milford,OH,45150,311746556,Home Care,OH,NA,N/A
202040799349300734,930386972,WUE INVESTMENTS HOLDINGS LP,550 S TRYON STREET SUITE 3500,CHARLOTTE,NC,28202,331168742,INVESTMENT,DE,GLOBAL ENDOWMENT MANAGEMENT,EXCLUDED,11706328,235482286,0,0,0.99980
202022259349301027,951643307,VARAGON FUND I LP,301 COMMERCE ST,FORT WORTH,TX,76102,811640281,INVESTMENTS,TX,CALTECH,RELATED,10969098,276801428,false,6417735,false,0.70610
202042279349300424,621599670,BAPTIST - DESOTO SURGERY CENTER LP,310 SEVEN SPRINGS WAY SUITE 500,BRENTWOOD,TN,37027,200804946,AMBULATORY SURGERY,MS,N/A
202042279349300424,621599670,BAPTIST - EMSC LP,80 HUMPHREYS CENTER SUITE 101,MEMPHIS,TN,38120,621846584,AMBULATORY SURGERY,TN,N/A
202042279349300424,621599670,BAPTIST MEMORIAL REHABILITATION HOSPITAL GP,680 SOUTH FOURTH STREET,LOUISVILLE,KY,40202,461613457,REHABILITATION SERVICES,TN,N/A
202042279349300424,621599670,BMH NORTH MISSISSIPPI IMAGING SERVICES LLC,504 AZALEA DRIVE,OXFORD,MS,38655,262641267,DIAGNOSTIC SERVICES,MS,N/A
202042279349300424,621599670,BAPTIST OUTPATIENT IMAGING LLC,1107 HIGHLAND COLONY PKWY SUITE 209,RIDGELAND,MS,39157,452968057,DIAGNOSTIC SERVICES,MS,N/A
202042279349300424,621599670,BAPTIST AND PHYSICIANS' OUTPATIENT SURGERY CENTER OF N MISSISSIPPI LP,310 SEVEN SPRINGS WAY SUITE 500,BRENTWOOD,TN,37027,640925692,AMBULATORY SURGERY,MS,N/A
202042279349300424,621599670,BAPTIST STERN CARDIOVASCULAR CO-MANAGEMENT LLC,350 N HUMPHREYS BLVD,MEMPHIS,TN,381202177,820605766,MEDICAL MANAGEMENT,TN,N/A
202042279349300424,621599670,BAPTIST - UCH INSTITUTE FOR PLASTIC AND RECONSTRUCTIVE SURGERY LLC,350 N HUMPHREYS BLVD,MEMPHIS,TN,381202177,821046465,MEDICAL MANAGEMENT,TN,N/A
202042279349300424,621599670,BMHSIAEL MICROBIOLOGY LABORATORY GP,12357-A RIATA TRACE PARKWAY SUITE 2,AUSTIN,TX,78727,814211152,LABORATORY SERVICES,TX,N/A
202042279349300424,621599670,BRAIN AND SPINE NETWORK BAPTIST SEMMES-MURPHEY LLC,350 N HUMPHREYS BLVD,MEMPHIS,TN,381202177,475240436,MEDICAL MANAGEMENT,TN,N/A
202042279349300424,621599670,DOWNTOWN FITNESS LLC,100 EAST CAPITOL STREET SUITE 107,JACKSON,MS,39201,611852202,FITNESS CENTER,MS,N/A
202042279349300424,621599670,EAST MEMPHIS UROLOGY CENTER LP,310 SEVEN SPRINGS WAY SUITE 500,BRENTWOOD,TN,37027,621810940,AMBULATORY UROLOGICAL SERVICES,TN,N/A
202042279349300424,621599670,MADISON HEALTHPLEX PERFORMANCE TRAINING CENTER LLC,1600 N STATE STREET SUITE 400,JACKSON,MS,39202,461218603,FITNESS CENTER,MS,N/A
202042279349300424,621599670,MAIN STREET FAMILY MEDICAL LLC,1225 NORTH STATE STREET,JACKSON,MS,39202,452778113,MEDICAL SERVICES,MS,N/A
202042279349300424,621599670,MAYS & SCHNAPP PAIN CLINIC,55 HUMPHREYS CENTER DRIVE SUITE 200,MEMPHIS,TN,38120,621512849,PAIN MANAGEMENT SERVICES,TN,N/A
202042279349300424,621599670,PRIMARY CARE PROPERTIES II,2859 VAN LEER DRIVE,MEMPHIS,TN,38133,621774052,MEDICAL OFFICE BUILDING,TN,N/A
202042279349300424,621599670,WEST TENNESSEE IMAGING LLC,840 CRESCENT CENTRE DR SUITE 200,FRANKLIN,TN,37067,901022012,MEDICAL SERVICES,TN,N/A
202042309349301639,061331677,Alexian Rehabilitation Services LLC,935 Beisner,Elk Grove Village,IL,60007,300221481,Rehabilitation hospital,IL,NA,N/A
202042309349301639,061331677,ALVERNO CLINICAL LABORATORIES LLC,2434 INTERSTATE PLAZA DRIVE,HAMMOND,IN,46324,203240648,MEDICAL SERVICE,IN,NA,N/A
202042309349301639,061331677,AMBROSE PARKWOOD WEST II LLC,55 MONUMENTAL CIRCLE,STE 450,INDIANAPOLIS,IN,46204,270532924,LAND HOLDINGS,IN,NA,N/A
202042309349301639,061331677,AMBULATORY SURGERY CENTER LP,818 N Emporia Ste 108,WICHITA,KS,67214,481114690,SURGERY CENTER,KS,NA,N/A
202042309349301639,061331677,ASCENSION ALPHA FUND LLC,101 SOUTH HANLEY ROAD,SUITE 200,ST LOUIS,MO,63105,900786464,INVESTMENTS,MO,NA,N/A
202042309349301639,061331677,ASCENSION VIA CHRISTI IMAGING MANHATTAN LLC,1823 College Avenue,MANHATTAN,KS,66502,481251984,RADIOLOGY SERVICES,KS,NA,N/A
202042309349301639,061331677,ASCENSION WISCONSIN EMERUS JV LLC,8040 EXCELSOIR DRIVE,SUITE 400,MADISON,WI,53717,384118568,ACUTE CARE HOSPITALS,WI,NA,N/A
202042309349301639,061331677,BAPTIST WOMENS HEALTH CENTER LLC,1900 CHURCH STREET SUITE 300,NASHVILLE,TN,37203,621772195,OWNS AND OPERATES SPECIALTY HOSPITAL,TN,NA,N/A
202042309349301639,061331677,BELMONTHARLEM SURGERY CENTER LLC,3101 NORTH HARLEM,CHICAGO,IL,60634,412237162,MEDICAL SERVICE,IL,NA,N/A
202042309349301639,061331677,Bonaventure Medical Foundation LLC,2601 Navistar Drive,Lisle,IL,60532,363978153,Manages managed care contracts,DE,NA,N/A
202042309349301639,061331677,Borgess Health Partners LLC,28000 DeQuindre,Warren,MI,48092,382648846,MANAGED CARE,MI,NA,N/A
202042309349301639,061331677,CARMEL AMBULATORY SURGERY CENTER LLC,13421 OLD MERIDIAN STREET,STE 150,CARMEL,IN,46032,320014795,AMBULATORY SURGERY CENTER,IN,NA,N/A
202042309349301639,061331677,CENTRAL TEXAS LAUNDRY LLC,4255 PROFIT STREET,SAN ANTONIO,TX,78219,742613749,LAUNDRY SERVICES,TX,NA,N/A
202042309349301639,061331677,CHV III LP,101 SOUTH HANLEY ROAD,ST LOUIS,MO,63105,454486925,INVESTMENTS,MO,NA,N/A
202042309349301639,061331677,CHV IV LP,101 SOUTH HANLEY ROAD,ST LOUIS,MO,63105,813953953,INVESTMENTS,DE,NA,N/A
202042309349301639,061331677,ENDOSCOPY CENTER LLC,13421 OLD MERIDIAN STREET,STE 150,CARMEL,IN,46032,320029881,ENDOSCOPY CENTER,IN,NA,N/A
202042309349301639,061331677,ENDOSCOPY GROUP LLC,4810 NORTH DAVIS HIGHWAY,PENSACOLA,FL,32503,593519881,MEDICAL SERVICES,FL,NA,N/A
202042309349301639,061331677,Hospital Consolidated Laboratories LLC,39595 W 10 Mile Rd,Novi,MI,48375,383318428,LAB SERVICES,MI,NA,N/A
202042309349301639,061331677,INTERVENTIONAL REHABILITATION CENTER LLC,1549 AIRPORT BOULEVARD STE 420,PENSACOLA,FL,32503,593673361,MEDICAL SERVICES,FL,NA,N/A
202042309349301639,061331677,KANSAS SURGERY AND RECOVERY CENTER LLC,2770 North Webb Road,WICHITA,KS,67226,481148580,SURGERY CENTER,KS,NA,N/A
202042309349301639,061331677,KENOSHA DIGESTIVE HEALTH CENTER,1033 N MAYFAIR ROAD,SUITE 101,WAUWATUSA,WI,53226,842167873,DIGESTIVE HEALTH,WI,NA,N/A
202042309349301639,061331677,Lourdes Health Support LLC,333 Butternut Drive,Suite 100,Dewitt,NY,13214,161611707,Medical Equipment Provider,NY,NA,N/A
202042309349301639,061331677,MIDDLE TENNESSEE IMAGING LLC,400 N HIGHLAND AVENUE,MURFREESBORO,TN,37219,010570490,DIAGNOSTIC IMAGING CENTER,TN,NA,N/A
202042309349301639,061331677,MURFREESBORO DIAGNOSTIC IMAGING LLC,400 N HIGHLAND AVENUE,MURFREESBORO,TN,37219,200291952,DIAGNOSTIC IMAGING CENTER,TN,NA,N/A
202042309349301639,061331677,NAAB ROAD SURGERY CENTER LLC,8260 NAAB ROAD,STE 100,INDIANAPOLIS,IN,46260,351991390,AMBULATORY SURGERY CENTER,IN,NA,N/A
202042309349301639,061331677,Oklahoma Cancer Specialists Real Estate Company LLC,12697 E 51st St South,TULSA,OK,74146,611774455,REAL ESTATE HOLDING,OK,NA,N/A
202042309349301639,061331677,Open MRI of Michigan,411 W 13 MILE ROAD,MADISON HEIGHTS,MI,48071,383544539,MRI Center,MI,NA,N/A
202042309349301639,061331677,ORTHOPEDIC SURGERY CENTER OF THE FOX VALLEY LLC,2223 LIME KILN ROAD,SUITE 101,GREEN BAY,WI,54311,842016212,SURGERY CENTER,WI,NA,N/A
202042309349301639,061331677,PET LLC,5149 NORTH 9TH AVENUE SUITE 124,PENSACOLA,FL,32504,593788701,MEDICAL SERVICES,FL,NA,N/A
202042309349301639,061331677,PREMIER RADIOLOGY WISCONSIN LLC,500 W BROWN DEER ROAD,SUITE 202,BAYSIDE,WI,53217,833180104,RADIOLOGY,WI,NA,N/A
202042309349301639,061331677,Presence Lakeshore Gastroenterology LLC,150 N River Road,Suite 210,Des Plaines,IL,60016,811750563,Medical Service,IL,NA,N/A
202042309349301639,061331677,PROFESSIONAL CLINICAL LABORATORIES LLC,113 E 4TH ST,MICHIGAN CITY,IN,46360,300711211,MEDICAL SERVICES,IN,NA,N/A
202042309349301639,061331677,RADS OF AMERICA LLC,PO BOX 249,GOODLETTSVILLE,TN,370700249,200597581,AMBULATORY SURGERY CENTER,TN,NA,N/A
202042309349301639,061331677,SAINT THOMAS HOME RECOVERY CARE LLC,49 MUSIC SQUARE WEST,SUITE 401,NASHVILLE,TN,37203,842100096,MEDICAL AND REHABILITATION SERVICES,TN,NA,N/A
202042309349301639,061331677,SOUTH COAST REAL ESTATE VENTURE LLC,5907 HIGHWAY 90,MOSS POINT,MS,39563,455599047,OWN REAL ESTATE FOR A PHYSICIAN OFFICE BUILDING,MS,NA,N/A
202042309349301639,061331677,ST VINCENT'S OUTPATIENT SURGERY SERVICES LLC,810 ST VINCENTS DRIVE,BIRMINGHAM,AL,35205,200708162,OUTPATIENT SURGERY,AL,NA,N/A
202042309349301639,061331677,ST VINCENT'S SLEEP DISORDER CENTER,810 ST VINCENTS DRIVE,BIRMINGHAM,AL,35205,631282288,SLEEP DISORDER CENTER,AL,NA,N/A
202042309349301639,061331677,STVINCENT HEART CENTER OF INDIANA LLC,10580 N MERIDIAN STREET,INDIANAPOLIS,IN,46290,364492612,HEART HOSPITAL,IN,NA,N/A
202042309349301639,061331677,STHS SLEEP CENTER LLC,102 WOODMONT BOULEVARD SUITE 800,NASHVILLE,TN,37205,203664894,OPERATES A SLEEP CENTER,TN,NA,N/A
202042309349301639,061331677,The Michigan Institute for Advanced Surgery LLC,1375 S Lapeer Rd,109,Lake Orion,MI,48360,030444972,OUTPATIENT SERVICES,MI,NA,N/A
202042309349301639,061331677,TOWNE CENTRE SURGERY CENTER LLC,4599 TOWNE CENTRE,SAGINAW,MI,48604,204943843,OUTPATIENT SERVICES,MI,NA,N/A
202042309349301639,061331677,TRI-STATE COMMUNITY CLINICS LLC,8601 N KENTUCKY AVENUE,STE J,EVANSVILLE,IN,47711,270885968,PRIMARY CARE PHYSICIAN PRACTICES,IN,NA,N/A
202042309349301639,061331677,VIA CHRISTI MERCY CLINIC LLC,1 Mt Carmel Place,Pittsburg,KS,66762,812927645,MEDICAL SERVICES,KS,NA,N/A
201903199349310155,421351526,ADVANCED IMAGING CENTER LLC,615 VALLEY VIEW DRIVE,MOLINE,IL,61265,364356301,DIAGNOSTIC RADIOLOGY CENTER,IA,N/A
201903199349310155,421351526,ALLEN MEMORIAL HOSPITAL ORTHOPEDIC CO-MANAGEMENT CO LLC,1825 LOGAN AVE,WATERLOO,IA,50703,453237125,ORTHOPEDIC MANAGEMENT & ADMINISTRATIVE SERVICES,IA,N/A
201903199349310155,421351526,ANKENY MEDICAL PARK SURGERY CENTER LC,3625 NORTH ANKENY BLVD STE J,ANKENY,IA,50021,831281114,AMBULATORY SURGERY CENTER,IA,N/A
201903199349310155,421351526,CENTRAL IOWA CARDIOVASCULAR CO-MANAGEMENT CO LLC,1200 PLEASANT ST,DES MOINES,IA,50309,273625869,CARDIOVASCULAR MANAGEMENT & ADMINISTRATIVE SERVICES,IA,N/A
201903199349310155,421351526,CENTRAL IOWA ONCOLOGY CO-MANAGEMENT COMPANY,1200 PLEASANT STREET,DES MOINES,IA,50309,453017991,ONCOLOGY MANAGEMENT & ADMINISTRATIVE SERVICES,IA,N/A
201903199349310155,421351526,CENTRAL IOWA PHYSIO LLC,4714 GETTYSBURG ROAD,MECHANICSBURG,PA,17055,364799633,PHYSICAL THERAPY SERVICES,IA,N/A
201903199349310155,421351526,CENTRAL IOWA SURGICAL SERVICES CO-MANAGEMENT CO LLC,1200 PLEASANT ST,DES MOINES,IA,50309,471608704,SURGICAL MANAGEMENT & ADMINISTRATIVE SERVICES,IA,N/A
201903199349310155,421351526,DUBUQUE ENDOSCOPY CENTER LC,1515 DELHI STREET SUITE 500,DUBUQUE,IA,52001,201597161,AMBULATORY SURGERY CENTER,IA,N/A
201903199349310155,421351526,FINLEY DEPT OF SURGERY CO-MGMT CO LLC,350 N GRANDVIEW AVE,DUBUQUE,IA,52001,422808785,SURGERY DEPARTMENT MANAGEMENT SERVICES,IA,N/A
201903199349310155,421351526,HANCOCK COUNTY SLF LLP,403 S ADAMS,CARTHAGE,IL,62321,204445121,ASSISTED LIVING FACILITY,IL,N/A
201903199349310155,421351526,HEALTH CARE AFFILIATES OF THE TRI-STATES LLC,350 N GRANDVIEW AVE,DUBUQUE,IA,52001,421428503,PROVIDE ACCESS TO LICENSED SOFTWARE,IA,N/A
201903199349310155,421351526,IOWA DIAGNOSTIC IMAGING AND PROCEDURE CENTER LC,1200 PLEASANT STREET,DES MOINES,IA,50309,030482623,OUTPATIENT DIAGNOSTIC IMAGING,IA,N/A
201903199349310155,421351526,IOWA HEALTH SYSTEM CONTRACTING SERVICES LC,1776 WEST LAKES PKWY 400,WEST DES MOINES,IA,50266,421511142,GROUP PURCHASING,IA,N/A
201903199349310155,421351526,LAKEVIEW SURGERY CENTER LC,1200 PLEASANT STREET,DES MOINES,IA,50309,421516120,SURGERY CENTER,IA,N/A
201903199349310155,421351526,MERITER UW PHYSICIANS CONTRACTING COMPANY LLC,202 SOUTH PARK STREET,MADISON,WI,53715,391998819,HEALTH SERVICES,WI,N/A
201903199349310155,421351526,MISSISSIPPI VALLEY SLEEP DISORDER CENTER LC,3400 DEXTER COURT,DAVENPORT,IA,52807,421489697,MEDICAL LABORATORY SERVICES,IA,N/A
201903199349310155,421351526,MMCI ORTHOPEDIC CO-MANAGEMENT COMPANY LLC,221 NE GLEN OAK AVE,PEORIA,IL,61636,461219459,ORTHOPEDIC MANAGEMENT & ADMINISTRATIVE SERVICES,IL,N/A
201903199349310155,421351526,MR ASSOCIATES LLP,1956 1ST AVENUE NE,CEDAR RAPIDS,IA,52402,421260463,OWN AND OPERATE MR UNIT,IA,N/A
201903199349310155,421351526,ORTHOPAEDIC OUTPATIENT SURGERY CENTER LC,1200 PLEASANT STREET,DES MOINES,IA,50309,421508092,AMBULATORY SURGERY CENTER,IA,N/A
201903199349310155,421351526,REHABILITATION THERAPY SERVICES LLC,416 ST MARKS CT 110,PEORIA,IL,61603,810584193,REHABILATION THERAPY,IL,N/A
201903199349310155,421351526,THE OUTPATIENT SURGERY CENTER OF CEDAR RAPIDS LLC,1075 FIRST AVENUE SE,CEDAR RAPIDS,IA,52403,721550812,AMBULATORY SURGERY CENTER.,IA,N/A
201903199349310155,421351526,UPHT-SCA HOLDINGS LLC,569 BROOKWOOD VILLAGE SUITE 901,BIRMINGHAM,AL,35209,473564984,AMBULATORY SURGERY CENTER INVESTMENT,DE,N/A
201903199349310155,421351526,WEST HOSPITAL ORTHOPEDIC CO-MANAGEMENT COMPANY LLC,1660 60TH STREET,WEST DES MOINES,IA,50266,271414600,ORTHOPEDIC SERVICE LINES MANAGEMENT,IA,N/A
201903199349310155,421351526,WEST LAKES SLEEP CENTER LLC,5950 UNIVERSITY AVENUE SUITE 2,WEST DES MOINES,IA,50266,263193923,SLEEP DISORDER DIAGNOSTIC TESTING FACILITY,IA,N/A
202001979349308040,620202000,STIEGLITZ ART COLLECTION LLC,600 MUSEUM WAY,BENTONVILLE,AR,72712,TN,RELATED,49424836,0,1,0.50000
202010649349300911,580593438,HISTORIC PORTER HOUSE LLC,231 TUCKER ROAD,MACON,GA,31210,810853774,REHABILITA,GA,N/A,false,false,0.01000
202001359349303745,941156617,MAKENA STRATEGIC OPPORTUNITIES FUND - KH LP,2755 SAND HILL ROAD SUITE 200,MENLO PARK,CA,94025,812032432,INVESTING PURPOSES,DE,SANTA CLARA UNIVERSITY,REVENUE EXCLUDED,72308,12623805,0,0,0.75000
202011959349302321,201304472,REGIONAL CENTER FOR SLEEP MEDICINE OF TOLEDO LLC,3450 W CENTRAL AVE STE 118,TOLEDO,OH,43606,264665939,SLEEP CENTER,OH,N/A,RELATED,0,0,0.05000
202011959349302321,201304472,NORTHWEST OHIO ACO LLC,4235 SECOR ROAD,TOLEDO,OH,43614,455444018,ACCOUNTABLE CARE ORGANIZATION,OH,N/A,RELATED,0,0,0.40000
202011329349301101,240804602,SBM HTC LLC,133 N RIVER ST,WILKES BARRE,PA,18711,611577658,RENTAL REAL ESTATE,PA,N/A
202011329349301101,240804602,SPRING BROOK MEMORIAL LLC,133 N RIVER ST,WILKES BARRE,PA,18711,823759006,RENTAL REAL ESTATE,PA,N/A
