object_id,ein,PltclExpndtrsAmt,VlntrHrsCnt,Sctn4955OrgnztnTxAmt,Sctn4955MngrsTxAmt,Frm4720FldSctn4955TxInd,CrrctnMdInd,Expndd527ActvtsAmt,IntrnlFndsCntrbtdAmt,TtlExmptFnctnExpndAmt,Frm1120POLFldInd,TtlGrssrtsLbbyng_FlngOrgnztnsTtlAmt,TtlGrssrtsLbbyng_AffltdGrpTtlAmt,TtlDrctLbbyng_FlngOrgnztnsTtlAmt,TtlDrctLbbyng_AffltdGrpTtlAmt,TtlLbbyngExpnd_FlngOrgnztnsTtlAmt,TtlLbbyngExpnd_AffltdGrpTtlAmt,OthrExmptPrpsExpnd_FlngOrgnztnsTtlAmt,OthrExmptPrpsExpnd_AffltdGrpTtlAmt,TtlExmptPrpsExpnd_FlngOrgnztnsTtlAmt,TtlExmptPrpsExpnd_AffltdGrpTtlAmt,LbbyngNntxblAmnt_FlngOrgnztnsTtlAmt,LbbyngNntxblAmnt_AffltdGrpTtlAmt,GrssrtsNntxbl_FlngOrgnztnsTtlAmt,GrssrtsNntxbl_AffltdGrpTtlAmt,TtLbbyngGrssrtMnsNnTx_FlngOrgnztnsTtlAmt,TtLbbyngGrssrtMnsNnTx_AffltdGrpTtlAmt,TtLbbyExpndMnsLbbyngNnTx_FlngOrgnztnsTtlAmt,TtLbbyExpndMnsLbbyngNnTx_AffltdGrpTtlAmt,SkdC_Frm4720FldInd,AvgLbbyngNntxblAmnt_CrrntYrMns3Amt,AvgLbbyngNntxblAmnt_CrrntYrMns2Amt,AvgLbbyngNntxblAmnt_CrrntYrMns1Amt,AvgLbbyngNntxblAmnt_CrrntYrAmt,AvgLbbyngNntxblAmnt_TtlAmt,SkdC_LbbyngClngAmt,AvgTtlLbbyngExpnd_CrrntYrMns3Amt,AvgTtlLbbyngExpnd_CrrntYrMns2Amt,AvgTtlLbbyngExpnd_CrrntYrMns1Amt,AvgTtlLbbyngExpnd_CrrntYrAmt,AvgTtlLbbyngExpnd_TtlAmt,AvgGrssrtsNntxbl_CrrntYrMns3Amt,AvgGrssrtsNntxbl_CrrntYrMns2Amt,AvgGrssrtsNntxbl_CrrntYrMns1Amt,AvgGrssrtsNntxbl_CrrntYrAmt,AvgGrssrtsNntxbl_TtlAmt,SkdC_GrssrtsClngAmt,AvgGrssrtsLbbyngExpnd_CrrntYrMns3Amt,AvgGrssrtsLbbyngExpnd_CrrntYrMns2Amt,AvgGrssrtsLbbyngExpnd_CrrntYrMns1Amt,AvgGrssrtsLbbyngExpnd_CrrntYrAmt,AvgGrssrtsLbbyngExpnd_TtlAmt,SkdC_OrgnztnBlngsAffltInd,SkdC_LmtdCntrlPrvsnsAppInd,VlntrsInd,PdStffOrMngmntInd,MdAdvrtsmntsAmt,MdAdvrtsmntsInd,MlngsMmbrsInd,MlngsMmbrsAmt,PblctnsOrBrdcstAmt,PblctnsOrBrdcstInd,GrntsOthrOrgnztnsInd,GrntsOthrOrgnztnsAmt,DrctCntctLgsltrsInd,DrctCntctLgsltrsAmt,RllsDmnstrtnsInd,RllsDmnstrtnsAmt,OthrActvtsInd,OthrActvtsAmt,TtlLbbyngExpndtrsAmt,NtDscrbdSctn501c3Ind,Tx4912Amt,Mngrs4912TxAmt,Frm4720Fld4912TxInd,SbstntllyAllDsNnddInd,OnlyInHsLbbyngInd,AgrCrryvrPrrYrInd,DsAssssmntsAmt,NnDdctblLbbyngPltclCYAmt,NnDdLbbyngPltclCyvAmt,NnDdctblLbbyngPltclTtAmt,AggrgtRprtdDsNtcAmt,CrrdOvrAmt,TxblAmt
201423179349301927,226019101,-,-,-,-,-,-,-,-,-,-,-,-,-,-,-,-,-,-,-,-,-,-,-,-,-,-,-,-,-,-,-,-,-,-,-,-,-,-,-,-,-,-,-,-,-,-,-,-,-,-,-,-,-,false,true,-,false,false,-,-,false,false,-,true,-,false,-,true,176958,176958,false,-,-,-,-,-,-,-,-,-,-,-,-,-
201443179349303604,231352008,-,-,-,-,-,-,-,-,-,-,-,-,8242,-,8242,-,32630593,-,32638835,-,1000000,-,250000,-,0,-,0,-,-,1000000,1000000,1000000,1000000,4000000,6000000,19440,2937,7319,8242,37938,250000,250000,250000,250000,1000000,1500000,-,-,-,-,-,-,-,-,-,-,-,-,-,-,-,-,-,-,-,-,-,-,-,-,-,-,-,-,-,-,-,-,-,-,-,-,-,-
201443179349303609,210634462,-,-,-,-,-,-,-,-,-,-,-,-,-,-,-,-,-,-,-,-,-,-,-,-,-,-,-,-,-,-,-,-,-,-,-,-,-,-,-,-,-,-,-,-,-,-,-,-,-,-,-,-,-,false,true,-,false,false,-,-,false,false,-,true,264431,false,-,true,69281,333712,false,-,-,-,-,-,-,-,-,-,-,-,-,-
201443159349302919,042104451,-,-,-,-,-,-,-,-,-,-,-,-,-,-,-,-,-,-,-,-,-,-,-,-,-,-,-,-,-,-,-,-,-,-,-,-,-,-,-,-,-,-,-,-,-,-,-,-,-,-,-,-,-,0,0,-,0,0,-,-,0,0,-,0,-,0,-,1,7500,7500,0,-,-,-,-,-,-,-,-,-,-,-,-,-
201443189349301799,410693962,-,-,-,-,-,-,-,-,-,-,0,-,91564,-,91564,-,143381307,-,143472871,-,1000000,-,250000,-,0,-,0,-,-,-,-,1000000,1000000,2000000,3000000,-,-,80438,91564,172002,-,-,250000,250000,500000,750000,-,-,-,-,-,-,-,-,-,-,-,-,-,-,-,-,-,-,-,-,-,-,-,-,-,-,-,-,-,-,-,-,-,-,-,-,-,-
201443189349301864,420680452,-,-,-,-,-,-,-,-,-,-,-,-,-,-,-,-,-,-,-,-,-,-,-,-,-,-,-,-,-,-,-,-,-,-,-,-,-,-,-,-,-,-,-,-,-,-,-,-,-,-,-,-,-,0,0,-,0,0,-,-,0,0,-,0,-,0,-,1,6000,6000,0,-,-,-,-,-,-,-,-,-,-,-,-,-
201403499349301200,237410494,-,-,-,-,-,-,-,-,-,-,-,-,-,-,-,-,-,-,-,-,-,-,-,-,-,-,-,-,-,-,-,-,-,-,-,-,-,-,-,-,-,-,-,-,-,-,-,-,-,-,-,-,-,false,false,-,false,false,-,-,false,false,-,false,-,false,-,true,15691,15691,false,-,-,-,-,-,-,-,-,-,-,-,-,-
201433219349311983,550526150,-,-,-,-,-,-,-,-,-,-,-,-,-,-,-,-,-,-,-,-,-,-,-,-,-,-,-,-,-,-,-,-,-,-,-,-,-,-,-,-,-,-,-,-,-,-,-,-,-,-,-,-,-,0,1,-,0,1,4985,-,0,0,-,1,166075,0,-,1,1382,172442,0,-,-,-,-,-,-,-,-,-,-,-,-,-
201403469349300145,596046500,-,-,-,-,-,-,-,-,-,-,-,-,-,-,-,-,-,-,-,-,-,-,-,-,-,-,-,-,-,-,-,-,-,-,-,-,-,-,-,-,-,-,-,-,-,-,-,-,-,-,-,-,-,false,false,-,false,false,-,-,false,false,-,false,-,false,-,true,98180,98180,false,-,-,-,-,-,-,-,-,-,-,-,-,-
201423239349300212,221487258,-,-,-,-,-,-,-,-,-,-,-,-,-,-,-,-,-,-,-,-,-,-,-,-,-,-,-,-,-,-,-,-,-,-,-,-,-,-,-,-,-,-,-,-,-,-,-,-,-,-,-,-,-,false,true,-,false,false,-,-,false,false,-,true,-,false,-,true,231787,231787,false,-,-,-,-,-,-,-,-,-,-,-,-,-
201433189349300133,560554230,-,-,-,-,-,-,-,-,-,-,-,-,-,-,-,-,-,-,-,-,-,-,-,-,-,-,-,-,-,-,-,-,-,-,-,-,-,-,-,-,-,-,-,-,-,-,-,-,-,-,-,-,-,0,0,-,0,0,-,-,0,0,-,0,-,0,-,1,179489,179489,0,-,-,-,-,-,-,-,-,-,-,-,-,-
201433189349308163,141338413,-,-,-,-,-,-,-,-,-,-,-,-,-,-,-,-,-,-,-,-,-,-,-,-,-,-,-,-,-,-,-,-,-,-,-,-,-,-,-,-,-,-,-,-,-,-,-,-,-,-,-,-,-,false,false,-,false,false,-,-,false,false,-,false,-,false,-,true,59491,59491,false,-,-,false,-,-,-,-,-,-,-,-,-,-
201403179349306545,111635088,-,-,-,-,-,-,-,-,-,-,-,-,-,-,-,-,-,-,-,-,-,-,-,-,-,-,-,-,-,-,-,-,-,-,-,-,-,-,-,-,-,-,-,-,-,-,-,-,-,-,-,-,-,false,false,-,false,false,-,-,false,false,-,false,-,false,-,true,53673,53673,false,-,-,-,-,-,-,-,-,-,-,-,-,-
201413119349301266,540715569,-,-,-,-,-,-,-,-,-,-,-,-,-,-,-,-,-,-,-,-,-,-,-,-,-,-,-,-,-,-,-,-,-,-,-,-,-,-,-,-,-,-,-,-,-,-,-,-,-,-,-,-,-,false,false,-,false,false,-,-,false,false,-,false,-,false,-,true,27987,27987,false,-,-,-,-,-,-,-,-,-,-,-,-,-
201443189349300214,410698301,-,-,-,-,-,-,-,-,-,-,-,-,-,-,-,-,-,-,-,-,-,-,-,-,-,-,-,-,-,-,-,-,-,-,-,-,-,-,-,-,-,-,-,-,-,-,-,-,-,-,-,-,-,1,1,-,0,1,2324,-,0,0,-,1,7442,0,-,1,121937,131703,0,-,-,-,-,-,-,-,-,-,-,-,-,-
201443189349300944,222325405,-,-,-,-,-,-,-,-,-,-,-,-,-,-,-,-,-,-,-,-,-,-,-,-,-,-,-,-,-,-,-,-,-,-,-,-,-,-,-,-,-,-,-,-,-,-,-,-,-,-,-,-,-,0,0,-,0,0,-,-,0,0,-,0,-,1,29393,0,-,29393,0,-,-,-,-,-,-,-,-,-,-,-,-,-
201433219349302893,710236856,-,-,-,-,-,-,-,-,-,-,0,-,3413,-,3413,-,675200553,-,675203966,-,1000000,-,250000,-,-,-,-,-,-,1000000,1000000,1000000,1000000,4000000,6000000,4020,3427,7246,3413,18106,250000,250000,250000,250000,1000000,1500000,0,0,0,0,0,X,-,-,-,-,-,-,-,-,-,-,-,-,-,-,-,-,-,-,-,-,-,-,-,-,-,-,-,-,-,-,-,-
201413219349306371,262037695,-,-,-,-,-,-,-,-,-,-,-,-,-,-,-,-,-,-,-,-,-,-,-,-,-,-,-,-,-,-,-,-,-,-,-,-,-,-,-,-,-,-,-,-,-,-,-,-,-,-,-,-,-,false,true,-,false,false,-,-,false,false,-,true,544958,true,3817,false,-,548775,false,-,-,false,-,-,-,-,-,-,-,-,-,-
201443219349303214,221487322,-,-,-,-,-,-,-,-,-,-,-,-,-,-,-,-,-,-,-,-,-,-,-,-,-,-,-,-,-,-,-,-,-,-,-,-,-,-,-,-,-,-,-,-,-,-,-,-,-,-,-,-,-,false,true,-,false,false,-,-,false,false,-,true,72000,false,-,true,58912,130912,false,-,-,-,-,-,-,-,-,-,-,-,-,-
201423219349310827,741180155,-,-,-,-,-,-,-,-,-,-,-,-,490115,-,490115,-,1157127614,-,1157617729,-,1000000,-,250000,-,0,-,0,-,-,1000000,1000000,1000000,1000000,4000000,6000000,523844,812880,453215,490115,2280054,250000,250000,250000,250000,1000000,1500000,-,-,-,-,-,-,-,-,-,-,-,-,-,-,-,-,-,-,-,-,-,-,-,-,-,-,-,-,-,-,-,-,-,-,-,-,-,-
201443169349304594,111633486,-,-,-,-,-,-,-,-,-,-,-,-,-,-,-,-,-,-,-,-,-,-,-,-,-,-,-,-,-,-,-,-,-,-,-,-,-,-,-,-,-,-,-,-,-,-,-,-,-,-,-,-,-,false,false,-,false,false,-,-,false,false,-,false,-,false,-,true,88804,88804,false,-,-,-,-,-,-,-,-,-,-,-,-,-
201413219349305861,160960470,-,-,-,-,-,-,-,-,-,-,-,-,-,-,-,-,-,-,-,-,-,-,-,-,-,-,-,-,-,-,-,-,-,-,-,-,-,-,-,-,-,-,-,-,-,-,-,-,-,-,-,-,-,0,1,-,0,0,-,-,0,0,-,1,143903,0,-,0,-,143903,0,-,-,-,-,-,-,-,-,-,-,-,-,-
201433189349304708,160743310,-,-,-,-,-,-,-,-,-,-,-,-,-,-,-,-,-,-,-,-,-,-,-,-,-,-,-,-,-,-,-,-,-,-,-,-,-,-,-,-,-,-,-,-,-,-,-,-,-,-,-,-,-,0,0,-,0,0,-,-,0,0,-,0,-,0,-,1,11049,11049,0,-,-,-,-,-,-,-,-,-,-,-,-,-
201443189349302509,135564934,-,-,-,-,-,-,-,-,-,-,-,-,-,-,-,-,-,-,-,-,-,-,-,-,-,-,-,-,-,-,-,-,-,-,-,-,-,-,-,-,-,-,-,-,-,-,-,-,-,-,-,-,-,false,true,-,false,false,-,-,false,false,-,true,33232,false,-,false,-,33232,false,-,-,false,-,-,-,-,-,-,-,-,-,-
201403149349302700,390830664,-,-,-,-,-,-,-,-,-,-,-,-,-,-,-,-,-,-,-,-,-,-,-,-,-,-,-,-,-,-,-,-,-,-,-,-,-,-,-,-,-,-,-,-,-,-,-,-,-,-,-,-,-,0,0,-,0,0,-,-,0,0,-,0,-,0,-,1,13153,13153,0,-,-,-,-,-,-,-,-,-,-,-,-,-
201433189349304253,160743032,-,-,-,-,-,-,-,-,-,-,-,-,-,-,-,-,-,-,-,-,-,-,-,-,-,-,-,-,-,-,-,-,-,-,-,-,-,-,-,-,-,-,-,-,-,-,-,-,-,-,-,-,-,0,0,-,0,0,-,-,0,0,-,0,-,0,-,1,16546,16546,0,-,-,-,-,-,-,-,-,-,-,-,-,-
201413219349307641,111631796,-,-,-,-,-,-,-,-,-,-,-,-,-,-,-,-,-,-,-,-,-,-,-,-,-,-,-,-,-,-,-,-,-,-,-,-,-,-,-,-,-,-,-,-,-,-,-,-,-,-,-,-,-,false,false,-,false,false,-,-,false,false,-,false,-,false,-,true,124929,124929,false,-,-,false,-,-,-,-,-,-,-,-,-,-
201443219349302734,210634484,-,-,-,-,-,-,-,-,-,-,-,-,-,-,-,-,-,-,-,-,-,-,-,-,-,-,-,-,-,-,-,-,-,-,-,-,-,-,-,-,-,-,-,-,-,-,-,-,-,-,-,-,-,false,true,-,false,false,-,-,false,false,-,true,241279,true,35972,false,-,277251,false,-,-,-,-,-,-,-,-,-,-,-,-,-
201431259349300328,237242844,-,-,-,-,-,-,-,-,-,-,-,-,11000,-,11000,-,6930686,-,6941686,-,497084,-,124271,-,-,-,-,-,-,461428,445131,441616,497084,1845259,2767889,10000,10000,10000,11000,41000,115357,111283,110404,124271,461315,691973,-,-,-,-,-,-,-,-,-,-,-,-,-,-,-,-,-,-,-,-,-,-,-,-,-,-,-,-,-,-,-,-,-,-,-,-,-,-
201422669349300042,850164940,-,-,-,-,-,-,-,-,-,-,-,-,-,-,-,-,-,-,-,-,-,-,-,-,-,-,-,-,-,-,-,-,-,-,-,-,-,-,-,-,-,-,-,-,-,-,-,-,-,-,-,-,-,0,0,-,0,0,-,-,0,0,-,0,-,0,-,1,0,0,0,-,-,-,-,-,-,-,-,-,-,-,-,-
201401999349300725,020222215,-,-,-,-,-,-,-,-,-,-,-,-,-,-,-,-,-,-,-,-,-,-,-,-,-,-,-,-,-,-,-,-,-,-,-,-,-,-,-,-,-,-,-,-,-,-,-,-,-,-,-,-,-,0,0,-,0,0,-,-,0,0,-,1,20446,0,-,0,-,20446,0,-,-,-,-,-,-,-,-,-,-,-,-,-
201442119349300519,390813418,-,-,-,-,-,-,-,-,-,-,-,-,-,-,-,-,-,-,-,-,-,-,-,-,-,-,-,-,-,-,-,-,-,-,-,-,-,-,-,-,-,-,-,-,-,-,-,-,-,-,-,-,-,0,0,-,0,0,-,-,0,0,-,0,-,0,-,1,7726,7726,0,-,-,-,-,-,-,-,-,-,-,-,-,-
201432179349301198,931226663,-,-,-,-,-,-,-,-,-,-,-,-,-,-,-,-,-,-,-,-,-,-,-,-,-,-,-,-,-,-,-,-,-,-,-,-,-,-,-,-,-,-,-,-,-,-,-,-,-,-,-,-,-,false,false,-,false,false,-,-,false,false,-,false,-,false,-,false,-,-,false,-,-,-,-,-,-,-,-,-,-,-,-,-
201412869349300506,350895832,-,-,-,-,-,-,-,-,-,-,-,-,-,-,-,-,-,-,-,-,-,-,-,-,-,-,-,-,-,-,-,-,-,-,-,-,-,-,-,-,-,-,-,-,-,-,-,-,-,-,-,-,-,0,0,-,0,0,-,-,0,0,-,0,-,0,-,1,7863,7863,0,-,-,-,-,-,-,-,-,-,-,-,-,-
201433179349303858,742128239,-,-,-,-,-,-,-,-,-,-,-,-,216,-,216,-,5329681,-,5329897,-,416495,-,104124,-,-,-,-,-,false,-,-,371754,416495,788249,1182374,-,-,1135,216,1351,-,-,92939,104124,197063,295595,-,-,1135,-,1135,-,-,-,-,-,-,-,-,-,-,-,-,-,-,-,-,-,-,-,-,-,-,-,-,-,-,-,-,-,-,-,-,-
201423169349302177,131740126,-,-,-,-,-,-,-,-,-,-,-,-,-,-,-,-,-,-,-,-,-,-,-,-,-,-,-,-,-,-,-,-,-,-,-,-,-,-,-,-,-,-,-,-,-,-,-,-,-,-,-,-,-,false,false,-,true,false,-,-,false,false,-,true,102242,false,-,false,-,102242,-,-,-,-,-,-,-,-,-,-,-,-,-,-
201403159349302455,160743134,-,-,-,-,-,-,-,-,-,-,-,-,-,-,-,-,-,-,-,-,-,-,-,-,-,-,-,-,-,-,-,-,-,-,-,-,-,-,-,-,-,-,-,-,-,-,-,-,-,-,-,-,-,1,0,-,0,0,-,-,0,1,47969,0,-,0,-,0,-,47969,0,-,-,-,-,-,-,-,-,-,-,-,-,-
201433179349303933,420504780,-,-,-,-,-,-,-,-,-,-,-,-,-,-,-,-,-,-,-,-,-,-,-,-,-,-,-,-,-,-,-,-,-,-,-,-,-,-,-,-,-,-,-,-,-,-,-,-,-,-,-,-,-,0,0,-,0,0,-,-,0,0,-,1,387,0,-,0,-,387,0,-,-,-,-,-,-,-,-,-,-,-,-,-
201423169349303627,350886846,-,-,-,-,-,-,-,-,-,-,0,-,66432,-,66432,-,55533866,-,55600298,-,1000000,-,250000,-,0,-,0,-,-,1000000,1000000,1000000,1000000,4000000,6000000,120768,111918,66502,66432,365620,250000,250000,250000,250000,1000000,1500000,0,0,0,0,0,-,-,-,-,-,-,-,-,-,-,-,-,-,-,-,-,-,-,-,-,-,-,-,-,-,-,-,-,-,-,-,-,-
201443159349301729,450231180,-,-,-,-,-,-,-,-,-,-,0,-,0,-,0,-,24371975,-,24371975,-,1000000,-,250000,-,0,-,0,-,-,-,-,1000000,1000000,2000000,3000000,-,-,6628,-,6628,-,-,250000,250000,500000,750000,-,-,-,-,-,-,-,-,-,-,-,-,-,-,-,-,-,-,-,-,-,-,-,-,-,-,-,-,-,-,-,-,-,-,-,-,-,-
201433179349301288,131624135,-,-,-,-,-,-,-,-,-,-,-,-,74491,224512,74491,224512,830579470,839160286,830653961,839384798,1000000,1000000,250000,250000,-,-,-,-,-,1000000,1000000,1000000,1000000,4000000,6000000,60006,48504,111703,74491,294704,250000,250000,250000,250000,1000000,1500000,0,0,0,0,0,X,-,-,-,-,-,-,-,-,-,-,-,-,-,-,-,-,-,-,-,-,-,-,-,-,-,-,-,-,-,-,-,-
201433179349301333,160743905,-,-,-,-,-,-,-,-,-,-,-,-,-,-,-,-,-,-,-,-,-,-,-,-,-,-,-,-,-,-,-,-,-,-,-,-,-,-,-,-,-,-,-,-,-,-,-,-,-,-,-,-,-,0,0,-,0,0,-,-,0,0,-,0,-,0,-,1,33994,33994,0,-,-,-,-,-,-,-,-,-,-,-,-,-
201433179349304308,370661223,-,-,-,-,-,-,-,-,-,-,-,-,-,-,-,-,-,-,-,-,-,-,-,-,-,-,-,-,-,-,-,-,-,-,-,-,-,-,-,-,-,-,-,-,-,-,-,-,-,-,-,-,-,0,0,-,0,0,-,-,0,0,-,0,-,0,-,1,36462,36462,0,-,-,-,-,-,-,-,-,-,-,-,-,-
201443149349302769,341726619,-,-,-,-,-,-,-,-,-,-,-,-,-,-,-,-,-,-,-,-,-,-,-,-,-,-,-,-,-,-,-,-,-,-,-,-,-,-,-,-,-,-,-,-,-,-,-,-,-,-,-,-,-,false,false,-,false,false,-,-,false,false,-,false,-,false,-,true,6250,6250,false,-,-,-,-,-,-,-,-,-,-,-,-,-
201433169349304513,381357020,-,-,-,-,-,-,-,-,-,-,11042,11042,95753,95753,106795,106795,2418097735,3189691754,2418204530,3189798549,1000000,1000000,250000,250000,0,0,0,0,-,1000000,1000000,1000000,1000000,4000000,6000000,125491,105250,82852,106795,420388,250000,250000,250000,250000,1000000,1500000,11550,10013,9325,11042,41930,X,-,-,-,-,-,-,-,-,-,-,-,-,-,-,-,-,-,-,-,-,-,-,-,-,-,-,-,-,-,-,-,-
201433179349303443,363196629,-,-,-,-,-,-,-,-,-,-,-,-,-,-,-,-,-,-,-,-,-,-,-,-,-,-,-,-,-,-,-,-,-,-,-,-,-,-,-,-,-,-,-,-,-,-,-,-,-,-,-,-,-,false,false,0,false,false,0,0,false,false,0,false,0,false,0,true,88636,88636,false,-,-,-,-,-,-,-,-,-,-,-,-,-
201423179349306242,941254638,-,-,-,-,-,-,-,-,-,-,-,-,759,-,759,-,21121259,-,21122018,-,1000000,-,250000,-,-,-,-,-,false,-,-,1000000,1000000,2000000,3000000,-,-,645,759,1404,-,-,250000,250000,500000,750000,-,-,-,-,-,-,-,-,-,-,-,-,-,-,-,-,-,-,-,-,-,-,-,-,-,-,-,-,-,-,-,-,-,-,-,-,-,-
201413009349301051,420680460,-,-,-,-,-,-,-,-,-,-,-,-,-,-,-,-,-,-,-,-,-,-,-,-,-,-,-,-,-,-,-,-,-,-,-,-,-,-,-,-,-,-,-,-,-,-,-,-,-,-,-,-,-,0,0,-,0,0,-,-,0,1,3723,0,-,0,-,0,-,3723,0,-,-,-,-,-,-,-,-,-,-,-,-,-
201413169349300106,570828733,-,-,-,-,-,-,-,-,-,-,-,-,-,-,-,-,-,-,-,-,-,-,-,-,-,-,-,-,-,-,-,-,-,-,-,-,-,-,-,-,-,-,-,-,-,-,-,-,-,-,-,-,-,0,0,-,0,0,-,-,0,0,-,0,-,0,-,1,3459,3459,0,-,-,-,-,-,-,-,-,-,-,-,-,-
201423029349300442,340714585,-,-,-,-,-,-,-,-,-,-,-,-,-,-,-,-,-,-,-,-,-,-,-,-,-,-,-,-,-,-,-,-,-,-,-,-,-,-,-,-,-,-,-,-,-,-,-,-,-,-,-,-,-,0,1,-,0,1,11487,2875,1,1,326740,1,40552,1,23466,1,85376,490496,0,-,-,-,-,-,-,-,-,-,-,-,-,-
201413049349301166,362167847,-,-,-,-,-,-,-,-,-,-,-,-,-,-,-,-,-,-,-,-,-,-,-,-,-,-,-,-,-,-,-,-,-,-,-,-,-,-,-,-,-,-,-,-,-,-,-,-,-,-,-,-,-,false,false,-,false,false,-,-,false,false,-,false,-,false,-,true,48020,48020,false,-,-,-,-,-,-,-,-,-,-,-,-,-
201443429349300414,166031585,-,-,-,-,-,-,-,-,-,-,-,-,-,-,-,-,-,-,-,-,-,-,-,-,-,-,-,-,-,-,-,-,-,-,-,-,-,-,-,-,-,-,-,-,-,-,-,-,-,-,-,-,-,0,1,-,0,0,-,-,0,0,-,1,850,0,-,0,-,850,0,-,-,-,-,-,-,-,-,-,-,-,-,-
201443469349200219,237400778,-,-,-,-,-,-,-,-,-,-,-,-,-,-,-,-,-,-,-,-,-,-,-,-,-,-,-,-,-,-,-,-,-,-,-,-,-,-,-,-,-,-,-,-,-,-,-,-,-,-,-,-,-,false,false,-,false,false,-,-,false,false,-,false,-,false,-,false,-,-,false,-,-,-,-,-,-,-,-,-,-,-,-,-
201443189349302934,362169147,-,-,-,-,-,-,-,-,-,-,-,-,-,-,-,-,-,-,-,-,-,-,-,-,-,-,-,-,-,-,-,-,-,-,-,-,-,-,-,-,-,-,-,-,-,-,-,-,-,-,-,-,-,true,true,0,false,true,17728,0,false,false,0,true,303318,false,0,true,1012164,1333210,false,-,-,-,-,-,-,-,-,-,-,-,-,-
201443219349302154,416011702,-,-,-,-,-,-,-,-,-,-,-,-,-,-,-,-,-,-,-,-,-,-,-,-,-,-,-,-,-,-,-,-,-,-,-,-,-,-,-,-,-,-,-,-,-,-,-,-,-,-,-,-,-,0,1,-,0,1,-,-,1,0,-,1,-,1,-,1,826833,826833,0,-,-,-,-,-,-,-,-,-,-,-,-,-
201423189349300632,550525724,-,-,-,-,-,-,-,-,-,-,-,-,-,-,-,-,-,-,-,-,-,-,-,-,-,-,-,-,-,-,-,-,-,-,-,-,-,-,-,-,-,-,-,-,-,-,-,-,-,-,-,-,-,false,false,-,false,false,-,-,false,false,-,false,-,false,-,true,25237,25237,false,-,-,false,-,-,-,-,-,-,-,-,-,-
201423189349302672,470418641,-,-,-,-,-,-,-,-,-,-,-,-,-,-,-,-,-,-,-,-,-,-,-,-,-,-,-,-,-,-,-,-,-,-,-,-,-,-,-,-,-,-,-,-,-,-,-,-,-,-,-,-,-,-,-,-,-,-,-,-,-,1,3330,-,-,-,-,-,-,3330,0,-,-,-,-,-,-,-,-,-,-,-,-,-
201423189349302067,470378779,-,-,-,-,-,-,-,-,-,-,-,-,-,-,-,-,-,-,-,-,-,-,-,-,-,-,-,-,-,-,-,-,-,-,-,-,-,-,-,-,-,-,-,-,-,-,-,-,-,-,-,-,-,1,1,-,0,0,-,-,0,0,-,1,350,0,-,1,22320,22670,0,-,-,-,-,-,-,-,-,-,-,-,-,-
201403189349300910,581581103,-,-,-,-,-,-,-,-,-,-,-,-,-,-,-,-,-,-,-,-,-,-,-,-,-,-,-,-,-,-,-,-,-,-,-,-,-,-,-,-,-,-,-,-,-,-,-,-,-,-,-,-,-,false,false,-,false,false,-,-,false,false,-,false,-,false,-,true,201806,201806,false,-,-,false,-,-,-,-,-,-,-,-,-,-
201403189349306245,470424785,-,-,-,-,-,-,-,-,-,-,-,-,-,-,-,-,-,-,-,-,-,-,-,-,-,-,-,-,-,-,-,-,-,-,-,-,-,-,-,-,-,-,-,-,-,-,-,-,-,-,-,-,-,0,0,-,0,0,-,-,0,1,3850,0,-,0,-,0,-,3850,0,-,-,-,-,-,-,-,-,-,-,-,-,-
201413219349308871,150532254,-,-,-,-,-,-,-,-,-,-,-,-,-,-,-,-,-,-,-,-,-,-,-,-,-,-,-,-,-,-,-,-,-,-,-,-,-,-,-,-,-,-,-,-,-,-,-,-,-,-,-,-,-,0,0,-,0,0,-,-,0,1,27438,0,-,0,-,1,99423,126861,0,-,-,-,-,-,-,-,-,-,-,-,-,-
201423189349303312,141338428,-,-,-,-,-,-,-,-,-,-,-,-,-,-,-,-,-,-,-,-,-,-,-,-,-,-,-,-,-,-,-,-,-,-,-,-,-,-,-,-,-,-,-,-,-,-,-,-,-,-,-,-,-,false,false,-,false,false,-,-,false,false,-,false,-,false,-,true,48234,48234,false,-,-,false,-,-,-,-,-,-,-,-,-,-
201413189349307056,111661359,-,-,-,-,-,-,-,-,-,-,-,-,-,-,-,-,-,-,-,-,-,-,-,-,-,-,-,-,-,-,-,-,-,-,-,-,-,-,-,-,-,-,-,-,-,-,-,-,-,-,-,-,-,0,0,-,0,0,-,-,0,0,-,0,-,0,-,1,10785,10785,0,-,-,-,-,-,-,-,-,-,-,-,-,-
201403359349300400,131624135,-,-,-,-,-,-,-,-,-,-,-,-,74491,224512,74491,224512,830579470,839160286,830653961,839384798,1000000,1000000,250000,250000,-,-,-,-,-,1000000,1000000,1000000,1000000,4000000,6000000,60006,48504,111703,74491,294704,250000,250000,250000,250000,1000000,1500000,0,0,0,0,0,X,-,-,-,-,-,-,-,-,-,-,-,-,-,-,-,-,-,-,-,-,-,-,-,-,-,-,-,-,-,-,-,-
201403219349303590,221494442,-,-,-,-,-,-,-,-,-,-,-,-,-,-,-,-,-,-,-,-,-,-,-,-,-,-,-,-,-,-,-,-,-,-,-,-,-,-,-,-,-,-,-,-,-,-,-,-,-,-,-,-,-,false,false,-,false,false,-,-,false,false,-,true,7500,false,-,true,25308,32808,false,-,-,-,-,-,-,-,-,-,-,-,-,-
201433189349302273,112868878,-,-,-,-,-,-,-,-,-,-,-,-,-,-,-,-,-,-,-,-,-,-,-,-,-,-,-,-,-,-,-,-,-,-,-,-,-,-,-,-,-,-,-,-,-,-,-,-,-,-,-,-,-,false,false,-,false,false,-,-,false,false,-,false,-,true,36183,false,-,36183,false,-,-,-,-,-,-,-,-,-,-,-,-,-
201403149349302770,362310478,-,-,-,-,-,-,-,-,-,-,-,-,-,-,-,-,-,-,-,-,-,-,-,-,-,-,-,-,-,-,-,-,-,-,-,-,-,-,-,-,-,-,-,-,-,-,-,-,-,-,-,-,-,false,false,-,false,false,-,-,false,false,-,true,255262,true,9396,false,-,264658,false,-,-,-,-,-,-,-,-,-,-,-,-,-
201433119349301118,150532245,-,-,-,-,-,-,-,-,-,-,-,-,-,-,-,-,-,-,-,-,-,-,-,-,-,-,-,-,-,-,-,-,-,-,-,-,-,-,-,-,-,-,-,-,-,-,-,-,-,-,-,-,-,0,0,-,0,0,-,-,0,0,-,0,-,0,-,1,32236,32236,0,-,-,-,-,-,-,-,-,-,-,-,-,-
201413179349305401,340505560,-,-,-,-,-,-,-,-,-,-,-,-,-,-,-,-,-,-,-,-,-,-,-,-,-,-,-,-,-,-,-,-,-,-,-,-,-,-,-,-,-,-,-,-,-,-,-,-,-,-,-,-,-,true,true,-,false,true,0,-,false,true,27606,true,0,false,-,true,5334,32940,false,-,-,-,-,-,-,-,-,-,-,-,-,-
201423169349303452,521266885,-,-,-,-,-,-,-,-,-,-,30245,-,-,-,30245,-,25452661,-,25482906,-,1000000,-,250000,-,0,-,0,-,-,-,1000000,1000000,1000000,3000000,4500000,-,4167,35919,30245,70331,-,250000,250000,250000,750000,1125000,-,4167,35919,30245,70331,-,-,-,-,-,-,-,-,-,-,-,-,-,-,-,-,-,-,-,-,-,-,-,-,-,-,-,-,-,-,-,-,-
201403179349304220,362739299,-,-,-,-,-,-,-,-,-,-,-,-,-,-,-,-,-,-,-,-,-,-,-,-,-,-,-,-,-,-,-,-,-,-,-,-,-,-,-,-,-,-,-,-,-,-,-,-,-,-,-,-,-,0,0,-,0,0,-,-,0,0,-,1,25000,0,-,0,-,25000,0,-,-,-,-,-,-,-,-,-,-,-,-,-
201413179349306241,310785684,-,-,-,-,-,-,-,-,-,-,-,-,-,-,-,-,-,-,-,-,-,-,-,-,-,-,-,-,-,-,-,-,-,-,-,-,-,-,-,-,-,-,-,-,-,-,-,-,-,-,-,-,-,true,false,-,false,false,-,0,true,true,11251,false,-,false,-,true,2902,14153,false,-,-,-,-,-,-,-,-,-,-,-,-,-
201423179349302017,340753531,-,-,-,-,-,-,-,-,-,-,-,-,-,-,-,-,-,-,-,-,-,-,-,-,-,-,-,-,-,-,-,-,-,-,-,-,-,-,-,-,-,-,-,-,-,-,-,-,-,-,-,-,-,false,false,-,false,false,-,-,false,false,-,false,-,false,-,true,8896,8896,-,-,-,-,-,-,-,-,-,-,-,-,-,-
201433149349301363,350892672,-,-,-,-,-,-,-,-,-,-,-,-,-,-,-,-,-,-,-,-,-,-,-,-,-,-,-,-,-,-,-,-,-,-,-,-,-,-,-,-,-,-,-,-,-,-,-,-,-,-,-,-,-,false,true,-,false,false,-,-,false,false,-,false,-,false,-,true,12949,12949,false,-,-,false,-,-,-,-,-,-,-,-,-,-
201403219349306145,540568200,-,-,-,-,-,-,-,-,-,-,-,-,-,-,-,-,-,-,-,-,-,-,-,-,-,-,-,-,-,-,-,-,-,-,-,-,-,-,-,-,-,-,-,-,-,-,-,-,-,-,-,-,-,0,0,-,0,0,-,-,0,0,-,0,-,0,-,1,1194,1194,0,-,-,-,-,-,-,-,-,-,-,-,-,-
201403219349306950,141423161,-,-,-,-,-,-,-,-,-,-,-,-,-,-,-,-,-,-,-,-,-,-,-,-,-,-,-,-,-,-,-,-,-,-,-,-,-,-,-,-,-,-,-,-,-,-,-,-,-,-,-,-,-,0,0,-,0,0,-,-,0,0,-,0,-,0,-,1,56293,56293,0,-,-,-,-,-,-,-,-,-,-,-,-,-
201403219349309665,650216638,-,-,-,-,-,-,-,-,-,-,-,-,-,-,-,-,-,-,-,-,-,-,-,-,-,-,-,-,-,-,-,-,-,-,-,-,-,-,-,-,-,-,-,-,-,-,-,-,-,-,-,-,-,true,false,-,false,false,-,-,false,false,-,true,178929,false,-,true,299355,478284,false,-,-,-,-,-,-,-,-,-,-,-,-,-
201403079349301575,742568941,-,-,-,-,-,-,-,-,-,-,-,-,-,-,-,-,-,-,-,-,-,-,-,-,-,-,-,-,-,1000000,1000000,1000000,-,3000000,4500000,678950,348548,147069,-,1174567,250000,250000,250000,-,750000,1125000,6734,3500,0,-,10234,-,-,false,true,0,false,false,0,0,false,true,5151500,true,59076,false,0,true,9970,5220546,false,-,-,-,-,-,-,-,-,-,-,-,-,-
201402269349300205,136192377,-,-,-,-,-,-,-,-,-,-,-,-,-,-,-,-,-,-,-,-,-,-,-,-,-,-,-,-,-,-,-,-,-,-,-,-,-,-,-,-,-,-,-,-,-,-,-,-,-,-,-,-,-,false,false,-,false,false,-,-,false,false,-,false,-,false,-,true,90000,90000,false,-,-,false,-,-,-,-,-,-,-,-,-,-
201412879349300846,410694721,-,-,-,-,-,-,-,-,-,-,-,-,-,-,-,-,-,-,-,-,-,-,-,-,-,-,-,-,-,-,-,-,-,-,-,-,-,-,-,-,-,-,-,-,-,-,-,-,-,-,-,-,-,0,0,-,0,0,-,-,0,0,-,0,-,0,-,1,148415,148415,0,-,-,-,-,-,-,-,-,-,-,-,-,-
201422909349300327,410696906,-,-,-,-,-,-,-,-,-,-,-,-,-,-,-,-,-,-,-,-,-,-,-,-,-,-,-,-,-,-,-,-,-,-,-,-,-,-,-,-,-,-,-,-,-,-,-,-,-,-,-,-,-,-,-,-,-,-,-,-,-,-,-,-,-,-,-,-,-,-,-,-,-,-,-,-,-,-,-,-,-,-,-,-
201423179349305407,610492351,-,-,-,-,-,-,-,-,-,-,-,-,-,-,-,-,-,-,-,-,-,-,-,-,-,-,-,-,-,-,-,-,-,-,-,-,-,-,-,-,-,-,-,-,-,-,-,-,-,-,-,-,-,false,false,-,false,false,-,-,false,false,-,false,-,false,-,false,-,-,false,-,-,-,-,-,-,-,-,-,-,-,-,-
201423189349301757,340714456,-,-,-,-,-,-,-,-,-,-,-,-,-,-,-,-,-,-,-,-,-,-,-,-,-,-,-,-,-,-,-,-,-,-,-,-,-,-,-,-,-,-,-,-,-,-,-,-,-,-,-,-,-,false,false,-,false,false,-,-,false,true,2586,false,-,false,-,false,-,2586,false,-,-,-,-,-,-,-,-,-,-,-,-,-
201423189349303462,111679599,-,-,-,-,-,-,-,-,-,-,-,-,-,-,-,-,-,-,-,-,-,-,-,-,-,-,-,-,-,-,-,-,-,-,-,-,-,-,-,-,-,-,-,-,-,-,-,-,-,-,-,-,-,0,0,-,0,0,-,-,0,0,-,1,38422,0,-,1,497,38919,0,-,-,-,-,-,-,-,-,-,-,-,-,-
201422049349300312,273339369,-,-,-,-,-,-,-,-,-,-,-,-,-,-,-,-,-,-,-,-,-,-,-,-,-,-,-,-,-,-,-,-,-,-,-,-,-,-,-,-,-,-,-,-,-,-,-,-,-,-,-,-,-,0,0,-,0,0,-,-,0,0,-,1,119417,0,-,0,-,119417,0,-,-,-,-,-,-,-,-,-,-,-,-,-
201413219349309486,112626155,-,-,-,-,-,-,-,-,-,-,-,-,-,-,-,-,-,-,-,-,-,-,-,-,-,-,-,-,-,-,-,-,-,-,-,-,-,-,-,-,-,-,-,-,-,-,-,-,-,-,-,-,-,false,false,-,false,false,-,-,false,false,-,false,-,false,-,true,11581,11581,false,-,-,false,-,-,-,-,-,-,-,-,-,-
201413189349301911,550643304,-,-,-,-,-,-,-,-,-,-,-,-,-,-,-,-,-,-,-,-,-,-,-,-,-,-,-,-,-,-,-,-,-,-,-,-,-,-,-,-,-,-,-,-,-,-,-,-,-,-,-,-,-,false,false,-,false,false,-,-,false,false,-,true,3648,false,-,true,90989,94637,false,-,-,-,-,-,-,-,-,-,-,-,-,-
201442939349300314,596605703,-,-,-,-,-,-,-,-,-,-,-,-,-,-,-,-,-,-,-,-,-,-,-,-,-,-,-,-,-,-,-,-,-,-,-,-,-,-,-,-,-,-,-,-,-,-,-,-,-,-,-,-,-,0,0,-,0,0,-,-,0,0,-,1,48000,0,-,0,-,48000,0,-,-,-,-,-,-,-,-,-,-,-,-,-
201433369349300703,590624459,-,-,-,-,-,-,-,-,-,-,-,-,-,-,-,-,-,-,-,-,-,-,-,-,-,-,-,-,-,-,-,-,-,-,-,-,-,-,-,-,-,-,-,-,-,-,-,-,-,-,-,-,-,false,false,-,false,false,-,-,false,false,-,true,21200,false,-,true,1060,22260,false,-,-,-,-,-,-,-,-,-,-,-,-,-
201433189349305988,210662542,-,-,-,-,-,-,-,-,-,-,-,-,-,-,-,-,-,-,-,-,-,-,-,-,-,-,-,-,-,-,-,-,-,-,-,-,-,-,-,-,-,-,-,-,-,-,-,-,-,-,-,-,-,false,true,-,false,false,-,-,false,false,-,true,9208,false,-,true,18975,28183,false,-,-,-,-,-,-,-,-,-,-,-,-,-
201443189349302309,410956618,-,-,-,-,-,-,-,-,-,-,-,-,-,-,-,-,-,-,-,-,-,-,-,-,-,-,-,-,-,-,-,-,-,-,-,-,-,-,-,-,-,-,-,-,-,-,-,-,-,-,-,-,-,0,1,-,0,0,-,-,1,0,-,1,70377,1,-,1,-,70377,0,-,-,-,-,-,-,-,-,-,-,-,-,-
201443159349301544,840166760,-,-,-,-,-,-,-,-,-,-,4000,0,227750,0,231750,0,633639136,0,633870886,0,1000000,0,250000,0,-,0,-,0,-,1000000,1000000,1000000,1000000,4000000,6000000,226300,226371,226371,231750,910792,250000,250000,250000,250000,1000000,1500000,4000,4000,4000,4000,16000,-,-,-,-,-,-,-,-,-,-,-,-,-,-,-,-,-,-,-,-,-,-,-,-,-,-,-,-,-,-,-,-,-
201443219349307154,221487173,-,-,-,-,-,-,-,-,-,-,0,0,16953,16953,16953,16953,414240942,414240942,414257895,414257895,1000000,1000000,250000,250000,-,-,-,-,-,1000000,1000000,1000000,1000000,4000000,6000000,26220,17753,19443,16953,80369,250000,250000,250000,250000,1000000,1500000,0,0,0,0,0,-,-,-,-,-,-,-,-,-,-,-,-,-,-,-,-,-,-,-,-,-,-,-,-,-,-,-,-,-,-,-,-,-
201423379349300007,061744054,-,-,-,-,-,-,-,-,-,-,-,-,-,-,-,-,-,-,-,-,-,-,-,-,-,-,-,-,-,-,-,-,-,-,-,-,-,-,-,-,-,-,-,-,-,-,-,-,-,-,-,-,-,true,true,-,false,false,-,-,false,false,-,true,60000,false,-,false,-,60000,false,-,-,false,-,-,-,-,-,-,-,-,-,-
201413219349309616,440545297,-,-,-,-,-,-,-,-,-,-,-,-,-,-,-,-,-,-,-,-,-,-,-,-,-,-,-,-,-,-,-,-,-,-,-,-,-,-,-,-,-,-,-,-,-,-,-,-,-,-,-,-,-,0,0,-,0,0,-,-,0,1,48600,0,-,0,-,0,-,48600,0,-,-,-,-,-,-,-,-,-,-,-,-,-
201433179349305078,362166964,-,-,-,-,-,-,-,-,-,-,-,-,-,-,-,-,-,-,-,-,-,-,-,-,-,-,-,-,-,-,-,-,-,-,-,-,-,-,-,-,-,-,-,-,-,-,-,-,-,-,-,-,-,0,0,-,0,0,-,-,0,0,-,1,48000,0,-,0,-,48000,0,-,-,-,-,-,-,-,-,-,-,-,-,-
